subscription_id,plan_id,user_id,provider_id,start_date,end_date,status,created_at
41aed780-2d1f-42d6-926e-4d920aa123a1,86ecfb68-bbcc-4914-9dc1-63c07877370e,c349da7f-12ad-47d1-8db6-ad5af55014ed,4,2024-02-18 01:24:47.934465,2025-01-13 01:24:47.934465,past_due,2024-02-18 01:24:47.934465
9a119e54-dc6f-45f0-9758-d5180b2fe61f,0e114156-a9cb-461f-86b3-c498dfe36880,d89fe222-6b53-4866-b1e5-ddc2b651ca14,3,2024-01-22 04:36:58.354013,2024-07-20 04:36:58.354013,active,2024-01-22 04:36:58.354013
807faf13-8625-460e-aea2-1332572b74ab,fd369adf-b0ec-40b3-a62e-0ed0f76a563b,3ee276b9-f4fb-40d3-93ad-68cfd7cd93d1,5,2024-09-23 07:50:48.560728,2025-09-23 07:50:48.560728,active,2024-09-23 07:50:48.560728
f9e0343d-ba15-4193-a67b-eceb3fa31c6e,0134048c-46fc-467d-af8a-002eacfcca2a,5f78d15f-df33-4966-bdb9-273eb35d65a0,1,2024-11-07 20:48:15.158462,2025-05-06 20:48:15.158462,active,2024-11-07 20:48:15.158462
02d3d7f9-2ddf-4576-868d-33abf4552307,c1264dd0-d8e0-409c-a455-570ac5c3eaf7,c69103f8-6794-4681-a88e-96ce34ff79ce,4,2025-01-26 15:09:15.818200,,active,2025-01-26 15:09:15.818200
106e1e9d-a637-421a-b454-7d605e5a4255,0e114156-a9cb-461f-86b3-c498dfe36880,1a86131c-42cc-450e-b9fd-e418fd08e522,3,2024-10-15 13:05:59.444752,2025-06-12 13:05:59.444752,active,2024-10-15 13:05:59.444752
77f16d76-1b34-4ffd-b671-acb7553dd433,2ed2e1c9-521c-4b72-8d0e-6c66302c58cf,d275d9d6-1ace-429c-a29c-ea832376ab88,3,2024-03-15 09:31:44.831042,2024-09-11 09:31:44.831042,active,2024-03-15 09:31:44.831042
48c7c97e-fe8b-446a-9e4c-0b9657076e33,fd369adf-b0ec-40b3-a62e-0ed0f76a563b,dc38bdbf-17c4-4b88-ae78-890508b4c203,5,2025-09-04 16:22:29.069612,2026-09-04 16:22:29.069612,active,2025-09-04 16:22:29.069612
53aef54e-11db-4759-b222-33757a922812,ae23de17-b775-46b1-9a84-af6cf71a4d38,361bcb7e-ee3e-44e3-b018-002032fa77b1,3,2024-05-20 08:03:45.639417,2024-12-16 08:03:45.639417,active,2024-05-20 08:03:45.639417
4d35aadc-bfcb-4634-a25b-b5865de42249,1d40586c-0449-4f35-9a6c-8578ff7c4a62,d7be2a03-1805-492c-8b6e-62e2612cf139,5,2024-12-17 02:47:24.279164,2025-12-17 02:47:24.279164,cancelled,2024-12-17 02:47:24.279164
3341169f-e2f7-4a1d-88fd-827d9275e408,0e114156-a9cb-461f-86b3-c498dfe36880,ed9a2d78-9a6a-4694-97db-1ef71fc10f72,3,2024-10-08 06:51:19.713114,2025-06-05 06:51:19.713114,active,2024-10-08 06:51:19.713114
6cab1034-5e63-471a-8ed0-2f98657f5ab9,7922a9fa-daea-45db-be63-531047738906,4bc0044c-6c70-4029-93f6-3534b25e617e,2,2025-08-27 21:17:49.380932,2026-08-27 21:17:49.380932,active,2025-08-27 21:17:49.380932
f72a46aa-9528-4aa9-9d7f-0e790e1c788b,f758d9c8-2066-4dc7-8870-73b33d45dacf,a9635e43-73b4-483b-8e4e-8987f59dbb1e,1,2024-10-22 12:45:20.408664,2025-10-22 12:45:20.408664,past_due,2024-10-22 12:45:20.408664
66e635f2-7dea-4020-b6d3-a2e7ebc035a9,ae23de17-b775-46b1-9a84-af6cf71a4d38,9f8acdaa-47f2-4f97-9a51-7614708e0b5e,3,2023-10-12 20:24:24.695102,,cancelled,2023-10-12 20:24:24.695102
70ff3197-416d-4c0b-a268-845f2726bf4b,eb4ec4cd-ecb2-4972-a591-8b81cb3e8abd,d0625934-7a38-453d-a84d-21df3f256c32,1,2025-06-06 01:04:31.413076,2025-09-04 01:04:31.413076,active,2025-06-06 01:04:31.413076
7708275c-53a8-4343-8066-807431c0677b,489c5de4-0338-4a26-9f1f-36ce2d848ce1,4766eff1-1b1a-4c8d-b610-97b4bbcf146c,3,2023-11-15 16:47:46.366910,2024-11-14 16:47:46.366910,active,2023-11-15 16:47:46.366910
3764d373-4160-4b54-b46c-d8f9e4837ba1,86ecfb68-bbcc-4914-9dc1-63c07877370e,5a838c60-4bba-4621-920b-f5d3a67e11b8,4,2025-04-25 05:27:26.174668,,past_due,2025-04-25 05:27:26.174668
61de9fb0-db88-4f66-acf1-7ef1d72784e0,9251a5f9-af7f-4c0b-9d8c-5dfe111e062c,8146b10a-3373-457e-bc64-cf7c5f7ac6c1,1,2025-05-12 14:47:07.940110,2025-08-10 14:47:07.940110,active,2025-05-12 14:47:07.940110
a97b4210-1ad5-4515-a53e-150ab99267ea,5a940b66-2c3a-48be-96b5-952b4ad384aa,dc38bdbf-17c4-4b88-ae78-890508b4c203,5,2023-10-19 19:54:01.898542,2024-01-17 19:54:01.898542,active,2023-10-19 19:54:01.898542
f219215b-b714-4ea7-b65e-07622340a65f,2ed2e1c9-521c-4b72-8d0e-6c66302c58cf,3d0aa707-3fe2-45cb-bb71-613d2bd9e482,3,2023-10-16 14:52:19.450685,2024-01-14 14:52:19.450685,cancelled,2023-10-16 14:52:19.450685
f6803929-d811-4bc2-812a-96e88ae6625a,2d0b5a85-52ba-42d2-8c3c-36f76d0de770,cab6c17e-a46a-4f82-a6ab-0d430c5f145a,4,2024-09-01 21:45:43.604138,2025-05-29 21:45:43.604138,past_due,2024-09-01 21:45:43.604138
57fc15da-446a-4b48-a72d-95ba8cb8a53c,2d0b5a85-52ba-42d2-8c3c-36f76d0de770,c3b479f3-af7a-4fb3-abfa-b5fc74344c13,4,2024-01-04 14:53:26.948126,2024-04-03 14:53:26.948126,active,2024-01-04 14:53:26.948126
efbb42a9-600e-4d7f-bbfe-7968aea2d240,3589016b-15f9-48c8-87d6-b1357ebe7108,79263a98-6b11-4708-a4f5-dd1743d31ff5,4,2024-04-21 07:28:26.006683,2025-04-21 07:28:26.006683,active,2024-04-21 07:28:26.006683
32beaac5-1058-476a-bf05-f382881e6e0e,d3816ecb-0b75-4a7f-9314-e4b63474bfd6,5c487013-e3d3-4fa8-a079-a06d0d3e5c43,2,2023-11-05 23:49:04.422662,2024-05-03 23:49:04.422662,cancelled,2023-11-05 23:49:04.422662
00cc3e5f-938e-4fec-975f-f778bef2f140,9251a5f9-af7f-4c0b-9d8c-5dfe111e062c,1a86131c-42cc-450e-b9fd-e418fd08e522,1,2024-11-09 21:16:20.041120,,cancelled,2024-11-09 21:16:20.041120
f6d1489c-ba07-4197-ad93-7d52bcae0cd9,5a940b66-2c3a-48be-96b5-952b4ad384aa,62a349ae-2171-491f-8460-e82d006494cd,5,2025-07-07 01:01:36.182277,2026-04-03 01:01:36.182277,cancelled,2025-07-07 01:01:36.182277
23bb1eeb-f95b-4311-b8da-e4066c01faf8,0e114156-a9cb-461f-86b3-c498dfe36880,614bece6-7c43-48c6-8b79-8e898c4a84d3,3,2024-08-31 20:28:59.975579,2024-09-30 20:28:59.975579,active,2024-08-31 20:28:59.975579
735db5ec-b94a-496f-8edb-d2bd80c940e0,f88f8168-5339-463b-8322-ac27382fd484,b00489fd-f199-40cc-bde9-a78d5b3dbb73,2,2024-08-05 14:26:28.766408,2024-11-03 14:26:28.766408,active,2024-08-05 14:26:28.766408
ee7db33e-769e-416e-8e12-27bdf4e66b64,0173a8d9-eb7a-4d40-9a45-34d202be238c,a4adf60d-7a5d-4c6f-aac0-8da80e266820,3,2023-12-20 09:09:16.883184,,active,2023-12-20 09:09:16.883184
9f884717-85f9-438c-8b11-248bea269ea1,86ecfb68-bbcc-4914-9dc1-63c07877370e,3d0aa707-3fe2-45cb-bb71-613d2bd9e482,4,2024-06-26 06:13:26.404094,2025-04-22 06:13:26.404094,active,2024-06-26 06:13:26.404094
35dc880a-d85b-411c-97e1-5c1f8f8b52b6,fa3042f0-3373-4148-8e74-ba00aeb9d6ad,4a5f1591-c943-451e-8297-394def2f546d,2,2025-03-17 05:32:46.525118,,past_due,2025-03-17 05:32:46.525118
859f0ade-14b7-40ab-aa2d-e57e70452a46,b559d42f-aec2-4e41-a64f-f5d68397e4ff,94f2132e-51ba-4894-928f-527abf0e84f7,4,2024-04-02 17:33:36.836130,,active,2024-04-02 17:33:36.836130
27814108-aabf-48dc-ab0d-379d5a26089b,eb4ec4cd-ecb2-4972-a591-8b81cb3e8abd,91d991c6-5c46-4677-a73c-9918d503fa24,1,2023-12-27 04:21:38.580749,2024-10-22 04:21:38.580749,active,2023-12-27 04:21:38.580749
c6d0d5e4-30b9-498c-a4ca-aa47de0586e9,7922a9fa-daea-45db-be63-531047738906,8477d378-66b1-4107-818a-074f9253ae2c,2,2024-02-24 10:48:10.260567,2025-02-23 10:48:10.260567,cancelled,2024-02-24 10:48:10.260567
0edb0ab1-19b1-4a02-92fb-4c93c0667887,eb4ec4cd-ecb2-4972-a591-8b81cb3e8abd,425577ca-6021-492c-8905-d0d2294b8015,1,2023-10-14 12:06:47.702437,2024-02-11 12:06:47.702437,past_due,2023-10-14 12:06:47.702437
84b5461f-345c-46b7-af1f-d5fddfa16fa4,eb4ec4cd-ecb2-4972-a591-8b81cb3e8abd,c5173f4a-0193-477c-aaaf-d034ff67c576,1,2023-10-22 22:12:10.289942,,active,2023-10-22 22:12:10.289942
f5f8e68c-2a78-4397-bf43-84f8a9fe4447,2ed2e1c9-521c-4b72-8d0e-6c66302c58cf,0d43a61d-d775-4ccb-a4e6-3ec499b233b6,3,2025-01-16 10:57:05.247495,2025-07-15 10:57:05.247495,cancelled,2025-01-16 10:57:05.247495
5f30cea1-982e-4297-ad36-48be4fa058f4,bfd9d982-8dc9-46a9-9274-8f27d4078c33,efa09d8e-37db-4fc1-8755-9a8dd19fccd2,2,2025-08-13 15:28:23.183869,2026-06-09 15:28:23.183869,active,2025-08-13 15:28:23.183869
6625244a-ed23-4ca8-975d-3c8006a56e3f,bfd9d982-8dc9-46a9-9274-8f27d4078c33,06799637-702c-4e18-a54c-913f5e3b394f,2,2025-03-20 15:56:53.930880,2025-05-19 15:56:53.930880,cancelled,2025-03-20 15:56:53.930880
36d187c8-6ae0-44fc-abe7-27c397be8d5e,2d0b5a85-52ba-42d2-8c3c-36f76d0de770,b8729589-d2ab-4d89-a66d-006b212e9f8b,4,2025-09-20 19:58:42.724951,2026-06-17 19:58:42.724951,active,2025-09-20 19:58:42.724951
6031c074-75c4-4264-a53e-92c386fc3872,5a940b66-2c3a-48be-96b5-952b4ad384aa,d3673104-6cee-4cbb-a53b-6013dcbe9ae5,5,2025-04-04 15:54:39.854259,,active,2025-04-04 15:54:39.854259
dbc01ffc-c7f8-4a6d-bde5-7cf6bf47177a,f758d9c8-2066-4dc7-8870-73b33d45dacf,10f12e70-f765-4aca-84d5-50a81fd3c33f,1,2024-04-02 18:23:49.154800,2025-04-02 18:23:49.154800,active,2024-04-02 18:23:49.154800
df8a4966-4fe7-4f3b-8b84-811bd3ce8405,f758d9c8-2066-4dc7-8870-73b33d45dacf,09ccc458-1c14-4579-be95-1e4284d0c6ee,1,2024-12-25 05:12:19.806739,,active,2024-12-25 05:12:19.806739
25f21025-ecf8-40ef-a921-a7bd0e77355a,f88f8168-5339-463b-8322-ac27382fd484,a9e81e7c-24e6-43e6-a771-35fdec7ac1bf,2,2024-07-14 04:40:46.139065,,active,2024-07-14 04:40:46.139065
e7e172dc-0856-4163-b06d-5ab42a4b60ab,5a940b66-2c3a-48be-96b5-952b4ad384aa,3d9cdd2d-6c54-4a5d-8523-44dbcfa5769f,5,2023-11-07 18:26:59.992813,,active,2023-11-07 18:26:59.992813
845d6650-0215-4344-98e8-857b96412e22,489c5de4-0338-4a26-9f1f-36ce2d848ce1,d89fe222-6b53-4866-b1e5-ddc2b651ca14,3,2024-07-25 00:48:40.278351,2025-07-25 00:48:40.278351,active,2024-07-25 00:48:40.278351
2370b734-aa1c-4323-935c-aae60fc224f7,63939eba-0d46-4b0f-84fb-db07cc9fa42a,f06cc419-96c9-477a-8ccf-e67c2964e36f,1,2024-02-20 12:54:32.883870,2024-08-18 12:54:32.883870,active,2024-02-20 12:54:32.883870
984f8de9-3794-4cc6-b26b-2f35f79cc1ec,5a940b66-2c3a-48be-96b5-952b4ad384aa,021903c8-7614-49a2-8e81-ab6d08c4ca90,5,2025-01-22 17:52:02.608496,,active,2025-01-22 17:52:02.608496
02537f3d-e0d5-4bb1-9674-b0b2aa74c02f,2ed2e1c9-521c-4b72-8d0e-6c66302c58cf,361bcb7e-ee3e-44e3-b018-002032fa77b1,3,2024-05-08 07:40:26.132514,2024-08-06 07:40:26.132514,cancelled,2024-05-08 07:40:26.132514
8d713fe3-5f83-456b-aaff-e4b863fd165f,0173a8d9-eb7a-4d40-9a45-34d202be238c,dcea2aa6-88cf-4580-8a08-96b5d2a5d22e,3,2024-02-12 07:01:09.457461,2025-02-11 07:01:09.457461,active,2024-02-12 07:01:09.457461
6fdadd15-9547-43ba-a0fb-3c197a06ab19,c1264dd0-d8e0-409c-a455-570ac5c3eaf7,f4e965f8-7176-4ba3-8204-ac3877b3176a,4,2025-03-30 19:40:55.999057,2025-09-26 19:40:55.999057,active,2025-03-30 19:40:55.999057
69b45a0b-2334-4dcc-b83f-8bc085fead80,fd369adf-b0ec-40b3-a62e-0ed0f76a563b,0c012021-1a79-43b6-9034-62d3713e0a85,5,2025-05-25 19:23:50.843491,2026-05-25 19:23:50.843491,active,2025-05-25 19:23:50.843491
53cebe2b-511b-4466-95a0-760922a7cfbb,a3f235d0-3516-43df-b1fd-0a7984087b3b,b104e455-0b13-4f14-8ddb-060433400851,5,2025-10-04 01:17:48.765610,2026-10-04 01:17:48.765610,past_due,2025-10-04 01:17:48.765610
0e35bcd3-1801-4777-abf2-ac8f2d9f4047,2ed2e1c9-521c-4b72-8d0e-6c66302c58cf,1a86131c-42cc-450e-b9fd-e418fd08e522,3,2024-04-09 17:02:37.097561,2025-01-04 17:02:37.097561,past_due,2024-04-09 17:02:37.097561
642644ef-0eab-426e-b591-829cef101075,b559d42f-aec2-4e41-a64f-f5d68397e4ff,a9e81e7c-24e6-43e6-a771-35fdec7ac1bf,4,2025-06-24 04:10:58.502016,,active,2025-06-24 04:10:58.502016
690e2aa9-9fe3-42f1-bf41-e9b96e997140,ae23de17-b775-46b1-9a84-af6cf71a4d38,611ffe37-1a45-4ad2-9349-292816cad0e7,3,2024-03-21 22:27:00.279305,2025-02-14 22:27:00.279305,active,2024-03-21 22:27:00.279305
facff277-0dd2-4f71-850d-5cd1827d6092,efad426a-6ed3-47d0-863b-8bee3c9d0443,b8f1b426-2dc1-4899-b46c-4964712f3bbe,5,2024-04-15 21:08:49.345767,2025-01-10 21:08:49.345767,past_due,2024-04-15 21:08:49.345767
68a8fd77-4714-4d0e-bf6c-88d24cdf8bda,63939eba-0d46-4b0f-84fb-db07cc9fa42a,05d2c2b6-2dbf-49c6-9991-b2d805557e92,1,2025-09-22 06:43:12.408624,2025-12-21 06:43:12.408624,active,2025-09-22 06:43:12.408624
2316d708-2258-4942-979c-a0b36060c895,0173a8d9-eb7a-4d40-9a45-34d202be238c,6f215a15-aa0c-4653-ba2e-a3a78571bd21,3,2025-05-16 18:17:06.733224,2026-05-16 18:17:06.733224,active,2025-05-16 18:17:06.733224
24806d4e-9695-4793-8b03-87ec99465fc5,9251a5f9-af7f-4c0b-9d8c-5dfe111e062c,614bece6-7c43-48c6-8b79-8e898c4a84d3,1,2025-07-04 12:03:21.038231,2025-11-01 12:03:21.038231,active,2025-07-04 12:03:21.038231
2e7f3ee0-34d9-4ab0-be67-d13e3c772650,489c5de4-0338-4a26-9f1f-36ce2d848ce1,7e2c37d3-ea80-42c4-868d-666a0857ed70,3,2025-01-16 06:21:31.083014,2026-01-16 06:21:31.083014,past_due,2025-01-16 06:21:31.083014
3325869e-440f-4080-9e2e-6882f15822fc,7922a9fa-daea-45db-be63-531047738906,f8584201-5882-4507-8047-e97f041d8c5f,2,2024-04-22 21:44:14.581583,2025-04-22 21:44:14.581583,active,2024-04-22 21:44:14.581583
c49930b1-6bbe-4e87-a05f-31d830e5ab21,0173a8d9-eb7a-4d40-9a45-34d202be238c,7bdde086-8503-4285-bd71-8d4ec256e499,3,2024-01-19 06:44:21.807897,2025-01-18 06:44:21.807897,active,2024-01-19 06:44:21.807897
e9556576-3461-479d-8790-5d4d28b2ba99,a3f235d0-3516-43df-b1fd-0a7984087b3b,7e2c37d3-ea80-42c4-868d-666a0857ed70,5,2025-07-06 09:10:16.393655,2026-07-06 09:10:16.393655,active,2025-07-06 09:10:16.393655
f98dc9f8-a556-4359-a7d4-374ea20765fb,b559d42f-aec2-4e41-a64f-f5d68397e4ff,021903c8-7614-49a2-8e81-ab6d08c4ca90,4,2025-01-31 12:41:56.159727,2026-01-31 12:41:56.159727,active,2025-01-31 12:41:56.159727
f291a9b6-71d2-41cc-ac1e-0aa7664aefef,c1264dd0-d8e0-409c-a455-570ac5c3eaf7,8ffa149c-df06-45de-adc0-9802909d7a73,4,2024-01-02 01:33:02.547134,2024-09-28 01:33:02.547134,active,2024-01-02 01:33:02.547134
53cf354f-74b2-4e2b-a18f-4e97a7ad0981,489c5de4-0338-4a26-9f1f-36ce2d848ce1,f7ab8002-4e5b-4bd8-9b16-2dade26257eb,3,2024-12-16 03:48:06.728909,2025-12-16 03:48:06.728909,active,2024-12-16 03:48:06.728909
c2d900fe-e533-413f-9f60-89f547e70af3,d3816ecb-0b75-4a7f-9314-e4b63474bfd6,361bcb7e-ee3e-44e3-b018-002032fa77b1,2,2025-05-12 06:15:07.210433,2026-02-06 06:15:07.210433,active,2025-05-12 06:15:07.210433
85289629-aac0-419b-864e-4d9968b7aee7,0134048c-46fc-467d-af8a-002eacfcca2a,425577ca-6021-492c-8905-d0d2294b8015,1,2024-05-15 12:50:49.279039,2025-02-09 12:50:49.279039,active,2024-05-15 12:50:49.279039
7b264106-2154-4689-8665-1ae0382c690d,9251a5f9-af7f-4c0b-9d8c-5dfe111e062c,4bc0044c-6c70-4029-93f6-3534b25e617e,1,2024-01-02 10:42:09.827178,2024-11-27 10:42:09.827178,active,2024-01-02 10:42:09.827178
dd99eeb0-cc29-418d-a66d-f73fb3c0f86a,a3f235d0-3516-43df-b1fd-0a7984087b3b,91d991c6-5c46-4677-a73c-9918d503fa24,5,2025-01-05 20:17:11.243601,2026-01-05 20:17:11.243601,past_due,2025-01-05 20:17:11.243601
1ec46661-d3d0-480a-9e77-e5b96d40eb9c,b559d42f-aec2-4e41-a64f-f5d68397e4ff,57d24489-dd79-432c-9b86-ff9af3d56c0c,4,2024-09-17 11:54:55.180007,2025-09-17 11:54:55.180007,active,2024-09-17 11:54:55.180007
c206f662-a295-462e-b8fc-4e02b0789ee7,d3816ecb-0b75-4a7f-9314-e4b63474bfd6,c6e571a9-e3ee-4e80-acb2-71528ffb6831,2,2024-07-19 08:55:36.345222,,active,2024-07-19 08:55:36.345222
862c991d-3d0f-421e-ae82-48b8f37934a6,fd369adf-b0ec-40b3-a62e-0ed0f76a563b,4b5e06d6-ce55-4229-8af7-8c1d3ade1878,5,2024-03-22 23:21:15.163393,2025-03-22 23:21:15.163393,active,2024-03-22 23:21:15.163393
49e716f2-1032-4693-9fdd-03825b2c4dab,2ed2e1c9-521c-4b72-8d0e-6c66302c58cf,6d9e0720-3a81-4970-aab7-ae4841875f8b,3,2025-03-28 11:42:00.440782,2025-09-24 11:42:00.440782,active,2025-03-28 11:42:00.440782
18e68865-07be-442a-81cc-8ed866ea89d6,7922a9fa-daea-45db-be63-531047738906,d7b8f58d-3f13-4d03-babc-8b981bd36110,2,2023-10-31 06:45:15.955458,,cancelled,2023-10-31 06:45:15.955458
31ea1d02-640f-45ec-a210-28330a285444,ae23de17-b775-46b1-9a84-af6cf71a4d38,75904270-de41-4872-b8cf-b44fd8a875aa,3,2025-06-29 09:15:43.448659,2025-11-26 09:15:43.448659,active,2025-06-29 09:15:43.448659
b12c7329-aec8-4b78-be99-de4814e4e44b,d3816ecb-0b75-4a7f-9314-e4b63474bfd6,d89fe222-6b53-4866-b1e5-ddc2b651ca14,2,2025-08-02 05:28:23.454017,2025-10-31 05:28:23.454017,active,2025-08-02 05:28:23.454017
f33f18e3-708a-41a3-8294-ed9265ba89fd,2ed2e1c9-521c-4b72-8d0e-6c66302c58cf,0643f065-0161-43f0-998c-fece93634026,3,2025-01-23 23:08:51.111322,,active,2025-01-23 23:08:51.111322
a00aa2dd-d66d-4428-961e-cf616aebc541,5a940b66-2c3a-48be-96b5-952b4ad384aa,b9db1b8a-2696-464a-9c9e-b52acc3ce8d8,5,2024-12-24 19:25:17.312357,2025-03-24 19:25:17.312357,active,2024-12-24 19:25:17.312357
97dcf618-9411-431f-b297-d2630d9ee516,1d40586c-0449-4f35-9a6c-8578ff7c4a62,92b4096d-b2b6-455d-a78a-2a60b0015dad,5,2023-12-29 13:01:49.139322,2024-12-28 13:01:49.139322,active,2023-12-29 13:01:49.139322
aa17f98f-ef90-4435-9928-ea761b1370d1,5a940b66-2c3a-48be-96b5-952b4ad384aa,0e8ebd4b-97c7-4162-afa0-feaa808c367d,5,2024-02-18 02:44:45.617872,2024-05-18 02:44:45.617872,cancelled,2024-02-18 02:44:45.617872
e405ae9d-def4-4a5f-b617-e164a817c1ac,efad426a-6ed3-47d0-863b-8bee3c9d0443,a468c3c3-f406-433d-91a5-8148220b903b,5,2024-02-18 10:12:56.482238,2024-07-17 10:12:56.482238,active,2024-02-18 10:12:56.482238
b617d5a6-d6da-4d3d-a6ec-4ab8a0e51aa8,63939eba-0d46-4b0f-84fb-db07cc9fa42a,a9e81e7c-24e6-43e6-a771-35fdec7ac1bf,1,2025-10-06 18:25:19.183895,2026-01-04 18:25:19.183895,past_due,2025-10-06 18:25:19.183895
6a3f7cbd-ee88-412a-9f73-fb933b26c3ca,efad426a-6ed3-47d0-863b-8bee3c9d0443,7f099bbc-3575-42de-898a-ac389ed3d8dc,5,2023-11-26 00:09:25.855961,2024-07-23 00:09:25.855961,active,2023-11-26 00:09:25.855961
2c361d0a-4654-488f-af7c-bdeb818a36bf,bfd9d982-8dc9-46a9-9274-8f27d4078c33,f7ab8002-4e5b-4bd8-9b16-2dade26257eb,2,2025-03-27 03:41:16.373658,2025-08-24 03:41:16.373658,active,2025-03-27 03:41:16.373658
17cbbb5a-cd35-4752-854e-a1c0930d22f2,b559d42f-aec2-4e41-a64f-f5d68397e4ff,0e8ebd4b-97c7-4162-afa0-feaa808c367d,4,2024-10-29 14:41:24.993294,2025-10-29 14:41:24.993294,active,2024-10-29 14:41:24.993294
56cdcb20-41d7-47ec-95d8-d6af23bb8cb5,9251a5f9-af7f-4c0b-9d8c-5dfe111e062c,09ccc458-1c14-4579-be95-1e4284d0c6ee,1,2025-09-23 18:44:14.718436,2026-07-20 18:44:14.718436,past_due,2025-09-23 18:44:14.718436
dc56cde1-332e-48e7-8ae7-158e585f30ca,a3f235d0-3516-43df-b1fd-0a7984087b3b,df0f5ae2-d780-42c1-9143-999e0a4820d5,5,2025-03-26 14:53:27.895617,,active,2025-03-26 14:53:27.895617
a577d318-19c1-4143-b2e3-52a54b81497d,c1264dd0-d8e0-409c-a455-570ac5c3eaf7,c293523d-a17c-4277-b53a-120e64a41b5c,4,2024-02-09 20:06:12.439016,2024-11-05 20:06:12.439016,active,2024-02-09 20:06:12.439016
cee015c9-9364-48e8-926c-aa6f0aee5d9e,489c5de4-0338-4a26-9f1f-36ce2d848ce1,ccad7082-1609-42b0-824f-dfdea2607313,3,2025-02-17 21:42:23.592890,2026-02-17 21:42:23.592890,past_due,2025-02-17 21:42:23.592890
90ee737e-c5ef-4f7a-9265-8a979af7030e,fd369adf-b0ec-40b3-a62e-0ed0f76a563b,b15f85f0-0751-44d1-a780-2db4f5bd9d4f,5,2024-09-05 13:53:53.163232,2025-09-05 13:53:53.163232,active,2024-09-05 13:53:53.163232
94695e5a-a5b4-438a-8182-bc48b5243217,2d0b5a85-52ba-42d2-8c3c-36f76d0de770,22d700c6-5eaf-4853-8b0b-60fc9cd103bd,4,2024-11-13 02:11:05.914092,,active,2024-11-13 02:11:05.914092
53e82dad-9a66-418f-b7b0-630662bf7ecc,1d40586c-0449-4f35-9a6c-8578ff7c4a62,7f099bbc-3575-42de-898a-ac389ed3d8dc,5,2024-07-20 18:20:46.773843,2025-07-20 18:20:46.773843,cancelled,2024-07-20 18:20:46.773843
fb88d9ae-cc4f-4c72-9b1b-4c253925cb73,5a940b66-2c3a-48be-96b5-952b4ad384aa,48790060-5a93-430c-9834-f22fd40ff5b6,5,2024-08-18 14:59:31.990560,2024-11-16 14:59:31.990560,past_due,2024-08-18 14:59:31.990560
f653d698-9c05-4e30-ac59-290c75a53ceb,eb4ec4cd-ecb2-4972-a591-8b81cb3e8abd,29a928bb-013b-4a63-81b5-03c89a352319,1,2025-02-11 11:08:17.841391,,active,2025-02-11 11:08:17.841391
e6231ada-af35-4174-b5c2-76c15f588926,eb4ec4cd-ecb2-4972-a591-8b81cb3e8abd,a9045726-e458-46a9-8db5-ba25f169cf87,1,2024-01-10 01:42:23.331134,2024-07-08 01:42:23.331134,active,2024-01-10 01:42:23.331134
81af6cde-c5e8-4d25-95bb-8005fa62d61a,2ed2e1c9-521c-4b72-8d0e-6c66302c58cf,10f12e70-f765-4aca-84d5-50a81fd3c33f,3,2023-10-26 19:36:02.005308,2024-07-22 19:36:02.005308,past_due,2023-10-26 19:36:02.005308
5f24c039-1a7f-4b20-ba1b-78b8b8affbb2,ae23de17-b775-46b1-9a84-af6cf71a4d38,29a928bb-013b-4a63-81b5-03c89a352319,3,2025-10-04 05:33:22.077631,2026-08-30 05:33:22.077631,active,2025-10-04 05:33:22.077631
99bfb81a-a06d-425e-88f2-5cf1d3cb9e02,86ecfb68-bbcc-4914-9dc1-63c07877370e,c3b479f3-af7a-4fb3-abfa-b5fc74344c13,4,2024-05-31 03:53:28.580714,2025-02-25 03:53:28.580714,active,2024-05-31 03:53:28.580714
a26927fa-63ac-4c86-b066-9607ffb6076f,0134048c-46fc-467d-af8a-002eacfcca2a,614bece6-7c43-48c6-8b79-8e898c4a84d3,1,2024-05-18 15:19:30.376826,2024-08-16 15:19:30.376826,active,2024-05-18 15:19:30.376826
19b0953c-4569-4a32-b93f-cfa260662b21,ae23de17-b775-46b1-9a84-af6cf71a4d38,6d9e0720-3a81-4970-aab7-ae4841875f8b,3,2025-01-04 03:16:48.154922,2025-02-03 03:16:48.154922,active,2025-01-04 03:16:48.154922
93f43382-1379-4c77-a9a2-dc9a643ac576,5a940b66-2c3a-48be-96b5-952b4ad384aa,c9215d4b-e127-4d38-85c4-0d7903431b9c,5,2024-09-12 20:31:47.727517,2024-12-11 20:31:47.727517,active,2024-09-12 20:31:47.727517
a83f15a6-81ea-4917-a1f0-50816fe0775c,b559d42f-aec2-4e41-a64f-f5d68397e4ff,c067582f-dcd7-4ae0-8ddb-950cdc4c344c,4,2025-06-13 15:37:46.942511,2026-06-13 15:37:46.942511,cancelled,2025-06-13 15:37:46.942511
3a86ea0f-1fc8-4d7b-ba34-004b5bade992,3589016b-15f9-48c8-87d6-b1357ebe7108,5c4794a2-a0f3-442d-a450-d0926001d9fa,4,2025-01-29 22:00:42.340480,,active,2025-01-29 22:00:42.340480
ea28d949-1ecf-4f93-b573-a9d3018dc7a9,2ed2e1c9-521c-4b72-8d0e-6c66302c58cf,1462eb45-bb94-43ad-bb4b-429923454274,3,2024-04-06 19:41:48.941358,,active,2024-04-06 19:41:48.941358
617de458-72bc-4d4a-8a83-33884de967bd,f88f8168-5339-463b-8322-ac27382fd484,5c4794a2-a0f3-442d-a450-d0926001d9fa,2,2024-09-02 15:53:07.871611,2025-05-30 15:53:07.871611,active,2024-09-02 15:53:07.871611
6f18bf71-2052-46f0-b496-64bb33f5987e,3589016b-15f9-48c8-87d6-b1357ebe7108,f7ab8002-4e5b-4bd8-9b16-2dade26257eb,4,2024-12-02 12:53:58.368381,,active,2024-12-02 12:53:58.368381
12973d09-b751-4ee4-a8d3-82bae52b5eea,fa3042f0-3373-4148-8e74-ba00aeb9d6ad,ccad7082-1609-42b0-824f-dfdea2607313,2,2024-06-13 12:13:38.356942,2025-06-13 12:13:38.356942,active,2024-06-13 12:13:38.356942
4d457307-a897-427f-8493-5898e150d70a,b559d42f-aec2-4e41-a64f-f5d68397e4ff,70cea488-11e8-4478-985c-05cf87ee7411,4,2024-03-21 17:43:11.695953,2025-03-21 17:43:11.695953,active,2024-03-21 17:43:11.695953
0338e8fe-669e-4781-b196-9f3ff2bcccc7,489c5de4-0338-4a26-9f1f-36ce2d848ce1,b35f17e2-2e8c-4e53-a900-4631d7a34431,3,2025-05-04 23:10:24.217627,2026-05-04 23:10:24.217627,active,2025-05-04 23:10:24.217627
b4cba35f-373b-4c76-b6f8-9d070928a359,ae23de17-b775-46b1-9a84-af6cf71a4d38,d0625934-7a38-453d-a84d-21df3f256c32,3,2024-09-09 17:18:40.736145,2025-04-07 17:18:40.736145,cancelled,2024-09-09 17:18:40.736145
fcac400c-8da9-4e73-a706-db094ef4b03f,c1264dd0-d8e0-409c-a455-570ac5c3eaf7,b9db1b8a-2696-464a-9c9e-b52acc3ce8d8,4,2025-02-10 18:31:02.242738,2025-11-07 18:31:02.242738,active,2025-02-10 18:31:02.242738
bdc1c396-fced-4ca6-9d2f-c2a423472cf2,2d0b5a85-52ba-42d2-8c3c-36f76d0de770,500d4b7e-a62d-4e37-912e-f04833a6e2e8,4,2025-02-12 20:30:10.289352,2025-05-13 20:30:10.289352,past_due,2025-02-12 20:30:10.289352
cf5b7270-8c8e-4bf5-8ed4-d60a039915b9,0173a8d9-eb7a-4d40-9a45-34d202be238c,f1dc70b8-6785-49f4-bf7f-5558297c2a94,3,2024-12-23 10:27:26.766065,2025-12-23 10:27:26.766065,active,2024-12-23 10:27:26.766065
925ced3e-1929-4c6e-8109-204989fae486,c1264dd0-d8e0-409c-a455-570ac5c3eaf7,7f099bbc-3575-42de-898a-ac389ed3d8dc,4,2023-11-20 16:32:21.587110,2024-02-18 16:32:21.587110,cancelled,2023-11-20 16:32:21.587110
648ff15f-45af-45be-b3e3-630196e82d9e,0e114156-a9cb-461f-86b3-c498dfe36880,aae328a5-b3e5-461c-b0cf-b00de9764070,3,2025-07-31 08:40:28.517446,2026-03-28 08:40:28.517446,active,2025-07-31 08:40:28.517446
05b15875-bc34-467e-8466-a387cc1ebfc1,f88f8168-5339-463b-8322-ac27382fd484,7aa5a75b-3623-4bfd-aba9-b14802acd241,2,2023-10-29 05:19:19.200338,2024-01-27 05:19:19.200338,cancelled,2023-10-29 05:19:19.200338
018f8c2a-3c8e-4751-b499-191524a0a0cc,5a940b66-2c3a-48be-96b5-952b4ad384aa,7b9b9d79-408a-4553-a385-1a5b31ddc36c,5,2024-05-24 08:49:51.445116,,past_due,2024-05-24 08:49:51.445116
e0e8a5bb-8fe4-483c-a374-4c9807aa94a0,489c5de4-0338-4a26-9f1f-36ce2d848ce1,0bfb6e00-6d5d-44a4-85a9-47d8833b4f2e,3,2024-12-11 03:40:20.881550,2025-12-11 03:40:20.881550,active,2024-12-11 03:40:20.881550
76e22411-506a-411a-965f-fcf3df61c948,fa3042f0-3373-4148-8e74-ba00aeb9d6ad,d7be2a03-1805-492c-8b6e-62e2612cf139,2,2024-01-29 18:48:56.296155,,active,2024-01-29 18:48:56.296155
83999433-97a6-4aa0-8205-75c8313a41a2,fa3042f0-3373-4148-8e74-ba00aeb9d6ad,4df84449-3097-4845-b534-7f2366ef990f,2,2025-02-21 09:18:58.929708,2026-02-21 09:18:58.929708,active,2025-02-21 09:18:58.929708
05fcb115-3851-4d81-90ca-376a8177e370,0134048c-46fc-467d-af8a-002eacfcca2a,2fbbefc9-24d0-48bd-b710-230ae4744cec,1,2023-12-27 06:48:31.989274,,active,2023-12-27 06:48:31.989274
fe9e6486-518a-4c82-b896-f60ebaf490b3,efad426a-6ed3-47d0-863b-8bee3c9d0443,6a9e1200-3a53-4fa9-b0e4-817f60d1801e,5,2025-07-11 12:49:53.274107,,active,2025-07-11 12:49:53.274107
e919e472-7dab-43c6-847e-226387943fee,f758d9c8-2066-4dc7-8870-73b33d45dacf,7aa5a75b-3623-4bfd-aba9-b14802acd241,1,2024-02-01 22:45:50.038868,2025-01-31 22:45:50.038868,active,2024-02-01 22:45:50.038868
280a1e2e-6822-4dc9-ac3c-353fc678203f,a3f235d0-3516-43df-b1fd-0a7984087b3b,09ccc458-1c14-4579-be95-1e4284d0c6ee,5,2023-12-24 04:05:31.687020,2024-12-23 04:05:31.687020,active,2023-12-24 04:05:31.687020
badfc892-1e48-4005-a5a4-d2fb30728869,7922a9fa-daea-45db-be63-531047738906,0e20534c-3bc5-499e-a80d-73c33fa20613,2,2025-07-11 09:38:36.246439,,cancelled,2025-07-11 09:38:36.246439
02e51a13-38c0-4fc0-9857-48d1bf0b8f3e,2d0b5a85-52ba-42d2-8c3c-36f76d0de770,7dec7e2d-cbe7-47f4-a034-1dc6f125e5fb,4,2025-05-17 08:47:02.090833,2026-02-11 08:47:02.090833,active,2025-05-17 08:47:02.090833
80534e8f-9d85-4726-a940-0226df8584cb,7922a9fa-daea-45db-be63-531047738906,247b2387-2acc-4c24-a426-6b5a3de4122c,2,2024-01-13 09:34:27.362094,2025-01-12 09:34:27.362094,active,2024-01-13 09:34:27.362094
a5b100fa-7c01-4f98-9ca4-ee6af8711e89,0e114156-a9cb-461f-86b3-c498dfe36880,f8584201-5882-4507-8047-e97f041d8c5f,3,2025-03-26 04:01:26.694844,2026-02-19 04:01:26.694844,active,2025-03-26 04:01:26.694844
bd25b374-7bb2-4aa7-8c6d-4bd67859e326,f758d9c8-2066-4dc7-8870-73b33d45dacf,801c7d39-773e-40de-b5a8-88a7570a039d,1,2024-07-25 15:23:27.551858,2025-07-25 15:23:27.551858,cancelled,2024-07-25 15:23:27.551858
a7ac0989-2fa7-4faa-b376-9d153f3de160,7922a9fa-daea-45db-be63-531047738906,b104e455-0b13-4f14-8ddb-060433400851,2,2024-05-30 16:57:02.562717,2025-05-30 16:57:02.562717,cancelled,2024-05-30 16:57:02.562717
f4938c55-4cbc-4873-882d-e6074911bbb2,9251a5f9-af7f-4c0b-9d8c-5dfe111e062c,e0fb3cf4-5154-4f97-a867-25eb005ef549,1,2025-03-15 07:28:48.067603,2026-02-08 07:28:48.067603,active,2025-03-15 07:28:48.067603
90c39f1a-fba2-48de-82bd-8c67341f50b3,d3816ecb-0b75-4a7f-9314-e4b63474bfd6,500d4b7e-a62d-4e37-912e-f04833a6e2e8,2,2025-03-02 07:12:01.481961,,active,2025-03-02 07:12:01.481961
03050058-c2f8-4c12-905f-50e221418ed2,bfd9d982-8dc9-46a9-9274-8f27d4078c33,0b550b7e-416b-4370-8126-b9220c0429e5,2,2025-09-27 13:12:36.278077,2026-07-24 13:12:36.278077,active,2025-09-27 13:12:36.278077
2aecb0e9-c259-40f6-80d5-ea603a25ec11,9251a5f9-af7f-4c0b-9d8c-5dfe111e062c,c9215d4b-e127-4d38-85c4-0d7903431b9c,1,2025-03-30 01:19:08.154307,2025-08-27 01:19:08.154307,active,2025-03-30 01:19:08.154307
3cba1a8a-82c6-4b35-a47b-c411184d764b,eb4ec4cd-ecb2-4972-a591-8b81cb3e8abd,8e0c3371-98e6-4087-abf3-65112bcb7337,1,2024-06-07 22:32:45.435409,2025-01-03 22:32:45.435409,active,2024-06-07 22:32:45.435409
9bf609af-067c-4c8b-b0f6-81604a2278bf,86ecfb68-bbcc-4914-9dc1-63c07877370e,500d4b7e-a62d-4e37-912e-f04833a6e2e8,4,2024-07-30 23:14:55.088154,2024-08-29 23:14:55.088154,cancelled,2024-07-30 23:14:55.088154
9a0464e9-e840-457a-9da0-51fb210fd242,ae23de17-b775-46b1-9a84-af6cf71a4d38,0e8ebd4b-97c7-4162-afa0-feaa808c367d,3,2025-07-28 23:53:18.240302,2026-04-24 23:53:18.240302,active,2025-07-28 23:53:18.240302
f3331eb0-a6b6-45e4-83ea-7b0bc5d1f64d,eb4ec4cd-ecb2-4972-a591-8b81cb3e8abd,c349da7f-12ad-47d1-8db6-ad5af55014ed,1,2024-05-18 03:00:35.057750,2024-12-14 03:00:35.057750,cancelled,2024-05-18 03:00:35.057750
3e7ee665-6ed1-48fb-96d0-2c90aea158ce,0134048c-46fc-467d-af8a-002eacfcca2a,68b3470e-904f-4b39-be36-434952373038,1,2023-10-25 01:34:10.008813,2024-04-22 01:34:10.008813,cancelled,2023-10-25 01:34:10.008813
a9cceb8c-ff8c-45bc-a7d7-d29f969f0063,0e114156-a9cb-461f-86b3-c498dfe36880,9dc0480a-f83c-4804-a28b-597542baab23,3,2025-09-02 18:11:05.529095,,past_due,2025-09-02 18:11:05.529095
ecbab9fa-c569-4e9c-ab5e-46e7bd520db0,2ed2e1c9-521c-4b72-8d0e-6c66302c58cf,100aea24-a8d5-4e3f-b938-e85c7a88af64,3,2024-04-30 15:45:26.106438,,active,2024-04-30 15:45:26.106438
7bf6ba94-a96f-41a6-a08c-8e21114e4ac1,3589016b-15f9-48c8-87d6-b1357ebe7108,9ce3d099-4392-4c61-863f-2ed32b3e77b9,4,2025-06-28 18:50:29.799136,2026-06-28 18:50:29.799136,active,2025-06-28 18:50:29.799136
4d154779-b1c4-4503-92e6-cadf4b8f170d,0134048c-46fc-467d-af8a-002eacfcca2a,5f78d15f-df33-4966-bdb9-273eb35d65a0,1,2024-09-03 08:11:20.288556,2025-05-31 08:11:20.288556,active,2024-09-03 08:11:20.288556
e334ee9b-3af3-4f8d-b2f8-a353408a5cf2,fd369adf-b0ec-40b3-a62e-0ed0f76a563b,0c012021-1a79-43b6-9034-62d3713e0a85,5,2024-07-26 09:06:36.421436,2025-07-26 09:06:36.421436,past_due,2024-07-26 09:06:36.421436
27b363f9-74f9-4ad0-bcff-67a741d268ce,efad426a-6ed3-47d0-863b-8bee3c9d0443,5318e32b-0e48-47b4-8b91-4159086977f7,5,2024-06-27 00:55:11.769535,2025-04-23 00:55:11.769535,active,2024-06-27 00:55:11.769535
d00561d4-19bd-4b9c-a3d5-d1073d93202b,ae23de17-b775-46b1-9a84-af6cf71a4d38,f8584201-5882-4507-8047-e97f041d8c5f,3,2023-11-22 09:53:45.151761,2024-05-20 09:53:45.151761,active,2023-11-22 09:53:45.151761
4a14bc62-17db-4154-a1e7-ef2d2346d455,0134048c-46fc-467d-af8a-002eacfcca2a,c3b479f3-af7a-4fb3-abfa-b5fc74344c13,1,2025-05-26 05:32:24.437075,2025-11-22 05:32:24.437075,active,2025-05-26 05:32:24.437075
bedc10c3-dda4-4b67-8539-49564cbca276,eb4ec4cd-ecb2-4972-a591-8b81cb3e8abd,26ce60cb-24dd-4cc8-91ec-58805e57350d,1,2024-03-24 07:13:32.358747,2024-11-19 07:13:32.358747,cancelled,2024-03-24 07:13:32.358747
886456fb-3799-407c-a2b4-3066e0015cd9,f758d9c8-2066-4dc7-8870-73b33d45dacf,69867b58-0622-45d2-9487-006597d271e1,1,2025-05-18 14:06:11.237923,2026-05-18 14:06:11.237923,past_due,2025-05-18 14:06:11.237923
93233820-eca7-4bfb-bec0-01355b64de68,9251a5f9-af7f-4c0b-9d8c-5dfe111e062c,cec9f801-71b9-43b4-bbe3-93387d0174cf,1,2025-05-08 05:51:42.856510,,active,2025-05-08 05:51:42.856510
37ac7036-36c0-4b82-8de5-eb6dd39fda0f,f758d9c8-2066-4dc7-8870-73b33d45dacf,7b9b9d79-408a-4553-a385-1a5b31ddc36c,1,2023-11-18 00:19:26.634700,2024-11-17 00:19:26.634700,active,2023-11-18 00:19:26.634700
1b1757d0-d283-4e96-bf30-a46d24021a81,2ed2e1c9-521c-4b72-8d0e-6c66302c58cf,426409c0-25f5-4514-903a-8af3e158d36c,3,2024-08-09 07:20:34.605649,2024-11-07 07:20:34.605649,cancelled,2024-08-09 07:20:34.605649
934ee52f-7125-4acd-af4b-91fbfd47f37b,7922a9fa-daea-45db-be63-531047738906,57e30de2-c260-46a7-a7c5-0cbceaf2c320,2,2024-11-04 17:14:49.892452,2025-11-04 17:14:49.892452,cancelled,2024-11-04 17:14:49.892452
6a2232c4-ea32-4a26-ac39-edf408b01b95,efad426a-6ed3-47d0-863b-8bee3c9d0443,8ffa149c-df06-45de-adc0-9802909d7a73,5,2024-06-19 13:17:14.117806,2024-07-19 13:17:14.117806,active,2024-06-19 13:17:14.117806
d5bc3a43-9761-4db4-92a3-1ccadedebf3d,9251a5f9-af7f-4c0b-9d8c-5dfe111e062c,0643f065-0161-43f0-998c-fece93634026,1,2024-12-01 09:22:18.541794,2025-07-29 09:22:18.541794,active,2024-12-01 09:22:18.541794
918d5547-fc02-4de7-873e-da38447902a2,c1264dd0-d8e0-409c-a455-570ac5c3eaf7,1a86131c-42cc-450e-b9fd-e418fd08e522,4,2024-07-16 19:28:45.832657,2024-10-14 19:28:45.832657,active,2024-07-16 19:28:45.832657
a36daf77-ac1a-45dc-9b31-7767b0816eb8,fa3042f0-3373-4148-8e74-ba00aeb9d6ad,8dd00fc6-e781-41d3-9f2c-ba389e89bacc,2,2024-09-11 14:50:41.706796,2025-09-11 14:50:41.706796,cancelled,2024-09-11 14:50:41.706796
c2ace38b-df71-46b5-b7f7-a8709a8db89e,2ed2e1c9-521c-4b72-8d0e-6c66302c58cf,51e73b3a-93a0-4865-8f22-5867065e5e3d,3,2023-12-25 13:27:24.521664,,cancelled,2023-12-25 13:27:24.521664
2008ac47-d887-4460-91bc-35f1da22c799,0134048c-46fc-467d-af8a-002eacfcca2a,9ce3d099-4392-4c61-863f-2ed32b3e77b9,1,2025-05-04 04:53:24.604175,2025-10-31 04:53:24.604175,active,2025-05-04 04:53:24.604175
929d421e-4178-48d8-85c5-8a7ddd18dca9,489c5de4-0338-4a26-9f1f-36ce2d848ce1,a049c7f6-f1f9-46fb-9880-c9c5c08843ee,3,2023-12-15 10:52:37.170823,2024-12-14 10:52:37.170823,active,2023-12-15 10:52:37.170823
75c90960-699e-4fbc-8a92-83e248951ef3,2ed2e1c9-521c-4b72-8d0e-6c66302c58cf,b9db1b8a-2696-464a-9c9e-b52acc3ce8d8,3,2025-01-13 03:26:25.957397,2025-07-12 03:26:25.957397,active,2025-01-13 03:26:25.957397
533bbf1e-291b-45dd-a005-2b5bc21cb521,2d0b5a85-52ba-42d2-8c3c-36f76d0de770,13709160-f106-4594-96ae-ff688e988126,4,2024-05-15 19:42:59.326604,2025-02-09 19:42:59.326604,past_due,2024-05-15 19:42:59.326604
695a7627-993d-4715-b465-b0cd844c2412,b559d42f-aec2-4e41-a64f-f5d68397e4ff,c69103f8-6794-4681-a88e-96ce34ff79ce,4,2025-01-26 08:09:11.874692,,past_due,2025-01-26 08:09:11.874692
9412f840-5100-4e01-af0f-1232a4c23030,fa3042f0-3373-4148-8e74-ba00aeb9d6ad,0b550b7e-416b-4370-8126-b9220c0429e5,2,2024-01-20 04:14:31.291000,2025-01-19 04:14:31.291000,active,2024-01-20 04:14:31.291000
5927df19-5672-4e0c-b6ca-1fc1108cc172,0173a8d9-eb7a-4d40-9a45-34d202be238c,c6e571a9-e3ee-4e80-acb2-71528ffb6831,3,2025-08-04 01:34:45.186561,,cancelled,2025-08-04 01:34:45.186561
e7a5438f-cfc6-487f-a33a-9c54cfc131ee,2d0b5a85-52ba-42d2-8c3c-36f76d0de770,7a64c1d3-aef1-41c3-803f-506150e6db5f,4,2023-11-20 20:04:48.450820,2024-02-18 20:04:48.450820,active,2023-11-20 20:04:48.450820
9190197a-2fb7-48dd-bcb2-5f6194e14e68,0134048c-46fc-467d-af8a-002eacfcca2a,a049c7f6-f1f9-46fb-9880-c9c5c08843ee,1,2025-03-24 15:49:38.638546,2025-09-20 15:49:38.638546,cancelled,2025-03-24 15:49:38.638546
ac16b88c-fe80-41cb-9b77-e50b4c5e2746,5a940b66-2c3a-48be-96b5-952b4ad384aa,7a64c1d3-aef1-41c3-803f-506150e6db5f,5,2025-07-28 07:19:12.525700,2025-10-26 07:19:12.525700,cancelled,2025-07-28 07:19:12.525700
d4d39ea9-77c1-415f-b4b3-837a87d8a6c9,2d0b5a85-52ba-42d2-8c3c-36f76d0de770,149f0e8d-c79d-455e-bb97-75d60852a09d,4,2025-03-13 19:10:54.505875,2025-09-09 19:10:54.505875,active,2025-03-13 19:10:54.505875
67996a6c-9e30-41cb-92d5-027aa1a12fbf,f88f8168-5339-463b-8322-ac27382fd484,7aa5a75b-3623-4bfd-aba9-b14802acd241,2,2025-03-18 21:04:21.971488,2025-06-16 21:04:21.971488,active,2025-03-18 21:04:21.971488
11ebd32c-5d76-41fc-9b75-d26dd4a25758,c1264dd0-d8e0-409c-a455-570ac5c3eaf7,ee8a61a8-4b8f-483d-a739-7c1e14f4e03c,4,2025-05-25 05:45:49.826965,2025-08-23 05:45:49.826965,cancelled,2025-05-25 05:45:49.826965
b8127ea2-8613-40b8-b34b-8b958266ce79,86ecfb68-bbcc-4914-9dc1-63c07877370e,05d2c2b6-2dbf-49c6-9991-b2d805557e92,4,2024-07-04 10:40:50.541765,2024-11-01 10:40:50.541765,active,2024-07-04 10:40:50.541765
e548304f-f931-4283-a28b-a3a5b1d9ca62,fd369adf-b0ec-40b3-a62e-0ed0f76a563b,c69103f8-6794-4681-a88e-96ce34ff79ce,5,2024-10-27 03:12:20.459179,2025-10-27 03:12:20.459179,past_due,2024-10-27 03:12:20.459179
888f678c-63b0-4356-9374-cf7fcee3a3be,2d0b5a85-52ba-42d2-8c3c-36f76d0de770,10f12e70-f765-4aca-84d5-50a81fd3c33f,4,2024-12-20 06:46:58.198204,2025-03-20 06:46:58.198204,active,2024-12-20 06:46:58.198204
1cad0f85-74d7-44ec-9cf7-729b21d37bb9,bfd9d982-8dc9-46a9-9274-8f27d4078c33,b364f16e-cc9d-4747-88ad-b87f82e5ec32,2,2025-07-08 20:57:43.653217,2025-11-05 20:57:43.653217,active,2025-07-08 20:57:43.653217
d17fb129-ea7a-4129-8bbe-b548c1370630,a3f235d0-3516-43df-b1fd-0a7984087b3b,aa4ac84a-8cca-4824-a164-1692be618316,5,2024-07-06 06:32:24.952372,,active,2024-07-06 06:32:24.952372
f078a920-e4fa-4708-b92d-d98bec23b556,bfd9d982-8dc9-46a9-9274-8f27d4078c33,c5e0bd46-4dbd-4daf-888c-416ee5cb7948,2,2024-09-04 14:37:38.042416,2025-07-01 14:37:38.042416,active,2024-09-04 14:37:38.042416
c1c3e8ff-7e18-4c57-95c2-348d6e73af63,489c5de4-0338-4a26-9f1f-36ce2d848ce1,d7b8f58d-3f13-4d03-babc-8b981bd36110,3,2025-04-18 11:59:07.315584,2026-04-18 11:59:07.315584,active,2025-04-18 11:59:07.315584
e36a56bd-f354-4ff4-8202-adb8cc334aa7,a3f235d0-3516-43df-b1fd-0a7984087b3b,f1f96447-b14f-480f-9241-5ffb894090c7,5,2023-12-08 07:18:39.763173,2024-12-07 07:18:39.763173,active,2023-12-08 07:18:39.763173
2758757d-63a5-4ef8-bb5b-5dce0c16e939,2d0b5a85-52ba-42d2-8c3c-36f76d0de770,b00489fd-f199-40cc-bde9-a78d5b3dbb73,4,2024-03-24 17:37:05.146983,2024-06-22 17:37:05.146983,active,2024-03-24 17:37:05.146983
1ecef547-7803-412a-9884-2c9a05cbec4f,2ed2e1c9-521c-4b72-8d0e-6c66302c58cf,c69103f8-6794-4681-a88e-96ce34ff79ce,3,2024-04-19 12:52:08.301279,2024-07-18 12:52:08.301279,active,2024-04-19 12:52:08.301279
add38590-1561-46e8-801e-b8663934dd53,9251a5f9-af7f-4c0b-9d8c-5dfe111e062c,6d9e0720-3a81-4970-aab7-ae4841875f8b,1,2023-12-26 04:53:53.832726,2024-05-24 04:53:53.832726,cancelled,2023-12-26 04:53:53.832726
4c826fba-a893-454f-9b0a-23a8c57faf24,f758d9c8-2066-4dc7-8870-73b33d45dacf,22d700c6-5eaf-4853-8b0b-60fc9cd103bd,1,2024-10-12 05:46:11.190482,2025-10-12 05:46:11.190482,active,2024-10-12 05:46:11.190482
cb0da2f7-f3f6-402d-adcc-78614be1555d,2ed2e1c9-521c-4b72-8d0e-6c66302c58cf,a468c3c3-f406-433d-91a5-8148220b903b,3,2024-05-15 13:37:20.551363,2024-11-11 13:37:20.551363,active,2024-05-15 13:37:20.551363
58b9207f-b29c-49c7-ac6c-d481e0e1dc15,3589016b-15f9-48c8-87d6-b1357ebe7108,efa09d8e-37db-4fc1-8755-9a8dd19fccd2,4,2025-04-12 23:01:21.528223,,active,2025-04-12 23:01:21.528223
c3aad53c-fd35-44e8-ac33-5387390f271a,86ecfb68-bbcc-4914-9dc1-63c07877370e,055efca6-076c-4c19-b3d8-ffb0df6c31eb,4,2025-03-31 15:50:04.453759,2025-12-26 15:50:04.453759,past_due,2025-03-31 15:50:04.453759
32ff1471-66af-42d0-8ad7-fa6b51710639,9251a5f9-af7f-4c0b-9d8c-5dfe111e062c,b01e46a4-3996-445c-a7f7-6e513c3d94e2,1,2023-12-14 12:26:58.677011,2024-02-12 12:26:58.677011,active,2023-12-14 12:26:58.677011
5b9fc4a6-fc76-4c7f-bae3-9667e8c48fe7,9251a5f9-af7f-4c0b-9d8c-5dfe111e062c,c067582f-dcd7-4ae0-8ddb-950cdc4c344c,1,2024-06-18 01:24:00.339728,2025-05-14 01:24:00.339728,past_due,2024-06-18 01:24:00.339728
018062a6-0c44-4cd1-acb8-af9a1a197752,2d0b5a85-52ba-42d2-8c3c-36f76d0de770,0bfb6e00-6d5d-44a4-85a9-47d8833b4f2e,4,2024-11-20 09:41:59.098726,,active,2024-11-20 09:41:59.098726
10d34d7a-6227-4215-a25b-4065f8577d51,489c5de4-0338-4a26-9f1f-36ce2d848ce1,fe39de74-996a-4388-8414-58a54d132b92,3,2024-12-19 13:20:41.451926,2025-12-19 13:20:41.451926,past_due,2024-12-19 13:20:41.451926
6f88e200-1175-4092-a61b-1c14f3ed7889,f88f8168-5339-463b-8322-ac27382fd484,4bc0044c-6c70-4029-93f6-3534b25e617e,2,2025-09-16 05:30:55.823775,2025-12-15 05:30:55.823775,cancelled,2025-09-16 05:30:55.823775
776cc77d-80ad-414c-92a6-db5ae55888ab,d3816ecb-0b75-4a7f-9314-e4b63474bfd6,8146b10a-3373-457e-bc64-cf7c5f7ac6c1,2,2024-10-23 21:24:53.144451,2025-01-21 21:24:53.144451,active,2024-10-23 21:24:53.144451
cfbe587a-e6d0-49e0-b25a-c3eb8915bd14,efad426a-6ed3-47d0-863b-8bee3c9d0443,d275d9d6-1ace-429c-a29c-ea832376ab88,5,2024-07-27 17:29:11.363933,2025-03-24 17:29:11.363933,active,2024-07-27 17:29:11.363933
b05c2ca2-7473-46da-a2c0-d85e7d6f3a2b,0134048c-46fc-467d-af8a-002eacfcca2a,7bdde086-8503-4285-bd71-8d4ec256e499,1,2025-06-16 08:32:17.652610,,active,2025-06-16 08:32:17.652610
e6c913f4-cc4b-491e-9034-9b2de5cddb85,f758d9c8-2066-4dc7-8870-73b33d45dacf,dc38bdbf-17c4-4b88-ae78-890508b4c203,1,2025-04-11 07:59:35.299102,2026-04-11 07:59:35.299102,active,2025-04-11 07:59:35.299102
d6cdf2fa-2690-46a6-9738-87e54c4db16b,86ecfb68-bbcc-4914-9dc1-63c07877370e,ad44b824-7df7-4649-bafe-24896f4ce080,4,2024-05-07 23:12:00.959939,2024-06-06 23:12:00.959939,cancelled,2024-05-07 23:12:00.959939
0f678ffc-aef5-4d5e-b4ad-95d3af5472b3,0134048c-46fc-467d-af8a-002eacfcca2a,ee8a61a8-4b8f-483d-a739-7c1e14f4e03c,1,2024-08-06 10:44:24.617789,2024-11-04 10:44:24.617789,cancelled,2024-08-06 10:44:24.617789
1b030e5c-4507-437e-b374-5c837432e6c4,0134048c-46fc-467d-af8a-002eacfcca2a,5f78d15f-df33-4966-bdb9-273eb35d65a0,1,2024-02-28 18:51:18.974732,2024-05-28 18:51:18.974732,active,2024-02-28 18:51:18.974732
713fe506-2414-483e-89a5-5be7ebc5da2f,9251a5f9-af7f-4c0b-9d8c-5dfe111e062c,0e788c28-49ca-400b-bdd9-de6cb5b2c616,1,2024-10-22 00:37:40.516176,2025-03-21 00:37:40.516176,cancelled,2024-10-22 00:37:40.516176
32ff28b2-2bcc-4f70-b717-8cf8dfb7638b,3589016b-15f9-48c8-87d6-b1357ebe7108,a468c3c3-f406-433d-91a5-8148220b903b,4,2024-09-18 22:59:20.580504,2025-09-18 22:59:20.580504,active,2024-09-18 22:59:20.580504
f92b32f3-d353-4a14-bdc5-ad3430bd0764,0134048c-46fc-467d-af8a-002eacfcca2a,b15f85f0-0751-44d1-a780-2db4f5bd9d4f,1,2024-04-20 04:55:50.870706,,active,2024-04-20 04:55:50.870706
a4e3a104-547a-4a20-b18a-e70853c51b26,9251a5f9-af7f-4c0b-9d8c-5dfe111e062c,361bcb7e-ee3e-44e3-b018-002032fa77b1,1,2024-08-08 06:32:58.548170,2025-05-05 06:32:58.548170,cancelled,2024-08-08 06:32:58.548170
37c989b6-3119-4aa6-9b22-4b675d1e45bb,efad426a-6ed3-47d0-863b-8bee3c9d0443,f1ee983a-ef38-4d79-b0f5-a5e60a80d929,5,2024-04-03 13:35:08.539423,,active,2024-04-03 13:35:08.539423
b5584f35-8751-461a-8948-a468fd342a61,1d40586c-0449-4f35-9a6c-8578ff7c4a62,705b1b28-4c8b-4e7b-9538-c67ab8623ede,5,2024-11-08 06:45:56.105158,2025-11-08 06:45:56.105158,active,2024-11-08 06:45:56.105158
82885691-263f-42ee-aa01-c5a4f630e771,fa3042f0-3373-4148-8e74-ba00aeb9d6ad,149f0e8d-c79d-455e-bb97-75d60852a09d,2,2024-01-30 19:05:57.081237,,active,2024-01-30 19:05:57.081237
70761f4c-3934-4f19-be71-014837b8f706,3589016b-15f9-48c8-87d6-b1357ebe7108,e32c278f-7d48-4aa2-a995-06199e8c4984,4,2024-11-13 17:39:35.782687,2025-11-13 17:39:35.782687,cancelled,2024-11-13 17:39:35.782687
72af694c-39ce-4b70-b807-7faa57d28541,f758d9c8-2066-4dc7-8870-73b33d45dacf,91d991c6-5c46-4677-a73c-9918d503fa24,1,2025-05-23 19:40:04.632356,2026-05-23 19:40:04.632356,active,2025-05-23 19:40:04.632356
2f1e882a-f0d5-4e9e-93ed-26ac373a0dcf,1d40586c-0449-4f35-9a6c-8578ff7c4a62,7a64c1d3-aef1-41c3-803f-506150e6db5f,5,2023-12-05 04:38:15.246398,2024-12-04 04:38:15.246398,active,2023-12-05 04:38:15.246398
dc981c65-d7a9-4836-9709-a2d1d5b40949,ae23de17-b775-46b1-9a84-af6cf71a4d38,0e8ebd4b-97c7-4162-afa0-feaa808c367d,3,2025-07-06 21:00:43.998975,2026-06-01 21:00:43.998975,cancelled,2025-07-06 21:00:43.998975
87114c70-55db-4a4b-a93e-984820efd633,b559d42f-aec2-4e41-a64f-f5d68397e4ff,dc38bdbf-17c4-4b88-ae78-890508b4c203,4,2024-04-26 00:27:13.261970,2025-04-26 00:27:13.261970,past_due,2024-04-26 00:27:13.261970
0d39ed3b-15b0-49a7-bc12-9b1ac8a6a9a0,f88f8168-5339-463b-8322-ac27382fd484,e77c4899-6fd1-428d-8c24-9073d08cb019,2,2025-08-06 10:01:53.139214,2025-11-04 10:01:53.139214,active,2025-08-06 10:01:53.139214
0b5943d3-d3e7-41b4-8482-777e3f920598,c1264dd0-d8e0-409c-a455-570ac5c3eaf7,6d9e0720-3a81-4970-aab7-ae4841875f8b,4,2024-05-17 09:24:04.338809,2024-08-15 09:24:04.338809,active,2024-05-17 09:24:04.338809
28eab244-3c98-4ad9-abd4-e0f6c2d8403d,2d0b5a85-52ba-42d2-8c3c-36f76d0de770,c5173f4a-0193-477c-aaaf-d034ff67c576,4,2025-06-13 10:13:41.372543,2026-03-10 10:13:41.372543,active,2025-06-13 10:13:41.372543
57ac09e3-a93e-4406-a6f4-039f6f592d24,5a940b66-2c3a-48be-96b5-952b4ad384aa,68b3470e-904f-4b39-be36-434952373038,5,2024-11-13 12:53:47.812106,2025-02-11 12:53:47.812106,active,2024-11-13 12:53:47.812106
9062c361-b065-4f74-8830-56f6deb97c43,efad426a-6ed3-47d0-863b-8bee3c9d0443,dcc985c3-7f8f-4235-a151-ec9783642d7c,5,2025-09-03 21:11:00.900865,,active,2025-09-03 21:11:00.900865
f9b2a006-76ff-4f8a-8eec-f1ad118ca6a9,0173a8d9-eb7a-4d40-9a45-34d202be238c,73a366d9-5d22-4bc5-ab5e-2685bc22b9f0,3,2025-03-03 05:24:41.176523,2026-03-03 05:24:41.176523,active,2025-03-03 05:24:41.176523
7c942603-7026-4b3d-b7fc-2735efaa5c84,c1264dd0-d8e0-409c-a455-570ac5c3eaf7,7a64c1d3-aef1-41c3-803f-506150e6db5f,4,2024-02-26 10:18:27.286662,2024-11-22 10:18:27.286662,active,2024-02-26 10:18:27.286662
f9098a3f-9f6c-47e4-80bd-7f65a0100690,f758d9c8-2066-4dc7-8870-73b33d45dacf,68b3470e-904f-4b39-be36-434952373038,1,2025-07-20 15:35:57.474720,2026-07-20 15:35:57.474720,active,2025-07-20 15:35:57.474720
6cb26821-81a9-4ee9-8151-305497cbfcf5,3589016b-15f9-48c8-87d6-b1357ebe7108,92b4096d-b2b6-455d-a78a-2a60b0015dad,4,2025-04-23 06:13:59.444046,2026-04-23 06:13:59.444046,active,2025-04-23 06:13:59.444046
86b09871-9b05-40e9-b93d-1d8666f0cd12,5a940b66-2c3a-48be-96b5-952b4ad384aa,286ea8a4-939a-49e5-bb79-671840b20a08,5,2024-10-31 07:20:19.114763,,cancelled,2024-10-31 07:20:19.114763
10e4f4a1-47f7-4b03-9cbd-1db45985489b,f88f8168-5339-463b-8322-ac27382fd484,13709160-f106-4594-96ae-ff688e988126,2,2024-11-07 18:27:36.679655,2025-05-06 18:27:36.679655,active,2024-11-07 18:27:36.679655
a24ede41-5e73-4928-8017-f8775b775ead,5a940b66-2c3a-48be-96b5-952b4ad384aa,4248c5b1-7f42-4479-bf98-997c20050200,5,2024-03-17 03:00:40.387522,,active,2024-03-17 03:00:40.387522
a89ab97b-0f62-411d-96be-470605f04b54,489c5de4-0338-4a26-9f1f-36ce2d848ce1,705b1b28-4c8b-4e7b-9538-c67ab8623ede,3,2024-03-28 03:30:03.557363,2025-03-28 03:30:03.557363,active,2024-03-28 03:30:03.557363
c15953bf-106b-4ee6-957c-911e2dae6c4d,7922a9fa-daea-45db-be63-531047738906,90d998a7-29e2-40d6-9ee8-e80437a25ad9,2,2024-06-26 21:37:39.219340,,active,2024-06-26 21:37:39.219340
6b73fe96-98fe-4b0d-b20d-a63beda97351,489c5de4-0338-4a26-9f1f-36ce2d848ce1,6f215a15-aa0c-4653-ba2e-a3a78571bd21,3,2025-10-02 01:23:49.484250,2026-10-02 01:23:49.484250,cancelled,2025-10-02 01:23:49.484250
910d3f59-565a-4207-8b01-c5d2f742e1da,1d40586c-0449-4f35-9a6c-8578ff7c4a62,68b3470e-904f-4b39-be36-434952373038,5,2024-06-20 04:00:02.428452,2025-06-20 04:00:02.428452,past_due,2024-06-20 04:00:02.428452
b4a165f0-9aa4-433c-ac0a-93942a9d07e4,d3816ecb-0b75-4a7f-9314-e4b63474bfd6,90d998a7-29e2-40d6-9ee8-e80437a25ad9,2,2024-04-08 17:16:26.697328,2025-01-03 17:16:26.697328,active,2024-04-08 17:16:26.697328
d568db5c-8357-4a8d-b4ae-8c170adc9c15,ae23de17-b775-46b1-9a84-af6cf71a4d38,51e73b3a-93a0-4865-8f22-5867065e5e3d,3,2024-07-07 18:20:20.788114,2025-04-03 18:20:20.788114,cancelled,2024-07-07 18:20:20.788114
3d189491-3b46-4d61-8ea3-dc25188f0af8,f88f8168-5339-463b-8322-ac27382fd484,7bdde086-8503-4285-bd71-8d4ec256e499,2,2024-11-04 12:42:29.700235,2025-08-01 12:42:29.700235,active,2024-11-04 12:42:29.700235
c54d82d8-4dfb-4944-bad1-3b2b1eb18374,efad426a-6ed3-47d0-863b-8bee3c9d0443,8ab8263f-28e7-4816-af2f-bd8a9966fd9b,5,2024-11-11 08:30:53.734120,2025-07-09 08:30:53.734120,active,2024-11-11 08:30:53.734120
a907bc34-9569-4d42-97dc-610999bdf8a9,fa3042f0-3373-4148-8e74-ba00aeb9d6ad,fe39de74-996a-4388-8414-58a54d132b92,2,2024-03-01 04:32:56.803222,2025-03-01 04:32:56.803222,cancelled,2024-03-01 04:32:56.803222
fe84d5cd-1df3-4682-b9c0-5cb358f0c2b3,2d0b5a85-52ba-42d2-8c3c-36f76d0de770,69867b58-0622-45d2-9487-006597d271e1,4,2024-03-19 01:28:58.385931,2024-12-14 01:28:58.385931,active,2024-03-19 01:28:58.385931
a60d368e-bf6c-46c3-82dd-bd1727391bc8,0173a8d9-eb7a-4d40-9a45-34d202be238c,627a5d35-fd71-4f70-a9ef-5e898997160c,3,2024-03-19 04:07:26.012406,2025-03-19 04:07:26.012406,active,2024-03-19 04:07:26.012406
2da2bc07-045b-4eee-901c-24ad0613b34b,0134048c-46fc-467d-af8a-002eacfcca2a,b35f17e2-2e8c-4e53-a900-4631d7a34431,1,2024-02-20 02:21:30.878534,2024-11-16 02:21:30.878534,cancelled,2024-02-20 02:21:30.878534
b65aae40-290d-47d7-933b-37ca408a73dc,bfd9d982-8dc9-46a9-9274-8f27d4078c33,673303a2-912c-4fbd-9b2d-1863c49e60e4,2,2025-07-03 15:20:38.105226,2025-11-30 15:20:38.105226,active,2025-07-03 15:20:38.105226
50491eab-ab80-4769-a82b-a6ae0738bff4,f88f8168-5339-463b-8322-ac27382fd484,e45c0b4e-300d-492c-a1c2-0052b9447a71,2,2025-08-15 22:02:54.810155,2026-02-11 22:02:54.810155,cancelled,2025-08-15 22:02:54.810155
0fefd476-a299-45e3-b9c4-2d5540a823d7,489c5de4-0338-4a26-9f1f-36ce2d848ce1,5318e32b-0e48-47b4-8b91-4159086977f7,3,2024-02-23 22:06:36.939567,2025-02-22 22:06:36.939567,active,2024-02-23 22:06:36.939567
84ad489c-b1ef-41df-b867-b6e383cd84ed,ae23de17-b775-46b1-9a84-af6cf71a4d38,4766eff1-1b1a-4c8d-b610-97b4bbcf146c,3,2024-12-01 01:56:48.769279,2025-09-27 01:56:48.769279,active,2024-12-01 01:56:48.769279
b0d1a326-af50-41f6-9c04-184abf8cffa8,f758d9c8-2066-4dc7-8870-73b33d45dacf,83d85cff-ca6a-436e-86ce-6d30c3561f51,1,2024-11-01 06:57:29.762490,2025-11-01 06:57:29.762490,cancelled,2024-11-01 06:57:29.762490
abcdbca8-5fde-4ce2-af4b-576606d9147b,3589016b-15f9-48c8-87d6-b1357ebe7108,673303a2-912c-4fbd-9b2d-1863c49e60e4,4,2025-02-13 03:18:37.660430,2026-02-13 03:18:37.660430,past_due,2025-02-13 03:18:37.660430
3b47d4f3-a4db-4446-b57b-6c8bd9865447,86ecfb68-bbcc-4914-9dc1-63c07877370e,fcd5bc01-8aa1-4bff-9307-f616e09887d6,4,2024-10-20 17:41:13.744084,2025-02-17 17:41:13.744084,active,2024-10-20 17:41:13.744084
2d4a7a7e-494c-4c0e-8580-60caf50bdac0,3589016b-15f9-48c8-87d6-b1357ebe7108,a5588246-3a64-410e-b2e4-a66b6a81e580,4,2024-03-14 12:40:18.687533,2025-03-14 12:40:18.687533,cancelled,2024-03-14 12:40:18.687533
82028fd5-14ee-4e3c-ba36-dd8bda6a942c,1d40586c-0449-4f35-9a6c-8578ff7c4a62,10f12e70-f765-4aca-84d5-50a81fd3c33f,5,2025-01-21 05:35:41.614454,2026-01-21 05:35:41.614454,active,2025-01-21 05:35:41.614454
f9ea29cc-205a-4331-83a5-a1526e68b87b,7922a9fa-daea-45db-be63-531047738906,a9e81e7c-24e6-43e6-a771-35fdec7ac1bf,2,2024-01-10 00:36:16.307328,2025-01-09 00:36:16.307328,active,2024-01-10 00:36:16.307328
a2bd15b1-e6f8-4d7a-94a6-4b00013673fe,f88f8168-5339-463b-8322-ac27382fd484,ecaee6f0-7535-412c-b3fe-f1c7aac5709c,2,2024-05-27 16:37:26.100222,2024-11-23 16:37:26.100222,past_due,2024-05-27 16:37:26.100222
f6d62261-845d-488e-81cd-b2664ccb42e4,ae23de17-b775-46b1-9a84-af6cf71a4d38,b01e46a4-3996-445c-a7f7-6e513c3d94e2,3,2025-02-21 18:25:55.702695,2025-04-22 18:25:55.702695,active,2025-02-21 18:25:55.702695
6e072407-a80f-465e-a13d-d5aa5881cf80,ae23de17-b775-46b1-9a84-af6cf71a4d38,286ea8a4-939a-49e5-bb79-671840b20a08,3,2024-11-14 00:53:43.741185,2025-01-13 00:53:43.741185,active,2024-11-14 00:53:43.741185
95b6defd-2ffe-48e0-a206-83643e41bb21,fd369adf-b0ec-40b3-a62e-0ed0f76a563b,63c61c03-0d5b-4557-9a62-ea7c34f40573,5,2025-03-15 00:03:05.740272,2026-03-15 00:03:05.740272,cancelled,2025-03-15 00:03:05.740272
bf4e72c6-856f-4f64-8ab5-1411ab54c3ce,f758d9c8-2066-4dc7-8870-73b33d45dacf,b9db1b8a-2696-464a-9c9e-b52acc3ce8d8,1,2025-04-19 06:25:08.476271,2026-04-19 06:25:08.476271,past_due,2025-04-19 06:25:08.476271
8a6264dd-4e66-4d36-8bf0-78c13fb13482,efad426a-6ed3-47d0-863b-8bee3c9d0443,247b2387-2acc-4c24-a426-6b5a3de4122c,5,2024-06-03 19:32:12.668055,,active,2024-06-03 19:32:12.668055
2b8f6463-2134-4bc9-b78d-32cdc80d93e3,a3f235d0-3516-43df-b1fd-0a7984087b3b,425577ca-6021-492c-8905-d0d2294b8015,5,2024-07-16 19:33:26.024803,2025-07-16 19:33:26.024803,active,2024-07-16 19:33:26.024803
15591a81-bccd-4181-aa28-5e0de4e94e5d,489c5de4-0338-4a26-9f1f-36ce2d848ce1,5906252d-fdb6-489d-aa81-3737d7292d72,3,2024-08-23 00:50:51.901203,2025-08-23 00:50:51.901203,active,2024-08-23 00:50:51.901203
7cbc02ee-0530-44c4-9ff7-46dd1a9783b3,489c5de4-0338-4a26-9f1f-36ce2d848ce1,29a928bb-013b-4a63-81b5-03c89a352319,3,2025-09-18 03:57:43.622379,2026-09-18 03:57:43.622379,cancelled,2025-09-18 03:57:43.622379
07efd4fe-6899-4238-a7ef-e26ebaa7d2bd,bfd9d982-8dc9-46a9-9274-8f27d4078c33,361bcb7e-ee3e-44e3-b018-002032fa77b1,2,2024-08-20 17:05:34.459757,2025-05-17 17:05:34.459757,past_due,2024-08-20 17:05:34.459757
8e3b3077-7ee2-4879-8bbd-170b1931f58c,86ecfb68-bbcc-4914-9dc1-63c07877370e,54e75cac-2607-489f-b21c-b12e0065a51c,4,2025-02-05 18:10:44.196222,2025-11-02 18:10:44.196222,active,2025-02-05 18:10:44.196222
98294f7b-bf98-4318-9965-0bb47cb8a0bd,9251a5f9-af7f-4c0b-9d8c-5dfe111e062c,1a7ea41f-cf56-4d28-b354-732fd79f92bc,1,2024-12-18 22:14:53.560841,2025-09-14 22:14:53.560841,active,2024-12-18 22:14:53.560841
dadbef5c-db90-4817-8285-892932d13ca9,c1264dd0-d8e0-409c-a455-570ac5c3eaf7,a5588246-3a64-410e-b2e4-a66b6a81e580,4,2024-11-14 23:03:41.856944,,cancelled,2024-11-14 23:03:41.856944
d0d3689f-cdbd-4add-9f63-bc6c34fa0c43,a3f235d0-3516-43df-b1fd-0a7984087b3b,62a349ae-2171-491f-8460-e82d006494cd,5,2024-07-22 10:56:27.724266,2025-07-22 10:56:27.724266,active,2024-07-22 10:56:27.724266
c3154c4b-e1ae-432c-9c44-18d92ab961cd,2ed2e1c9-521c-4b72-8d0e-6c66302c58cf,100aea24-a8d5-4e3f-b938-e85c7a88af64,3,2025-01-23 07:08:29.547391,2025-04-23 07:08:29.547391,cancelled,2025-01-23 07:08:29.547391
8bfbe70c-5591-4224-aaab-ecadbbc00bf0,1d40586c-0449-4f35-9a6c-8578ff7c4a62,94f2132e-51ba-4894-928f-527abf0e84f7,5,2025-01-26 11:48:17.671986,2026-01-26 11:48:17.671986,past_due,2025-01-26 11:48:17.671986
e7db1308-1d3d-4ec4-9d89-664ab2569e29,bfd9d982-8dc9-46a9-9274-8f27d4078c33,a049c7f6-f1f9-46fb-9880-c9c5c08843ee,2,2025-09-23 18:54:18.178222,,active,2025-09-23 18:54:18.178222
bb726974-1337-46b4-94db-c73ed899f4a8,fa3042f0-3373-4148-8e74-ba00aeb9d6ad,500d4b7e-a62d-4e37-912e-f04833a6e2e8,2,2023-10-14 00:25:05.425074,,cancelled,2023-10-14 00:25:05.425074
833ffd4f-83d1-4295-8992-937f3e391d30,489c5de4-0338-4a26-9f1f-36ce2d848ce1,6d9e0720-3a81-4970-aab7-ae4841875f8b,3,2025-03-24 05:14:11.221338,2026-03-24 05:14:11.221338,active,2025-03-24 05:14:11.221338
dc33276a-d277-409b-8f2a-34d196c06e24,fa3042f0-3373-4148-8e74-ba00aeb9d6ad,0bfb6e00-6d5d-44a4-85a9-47d8833b4f2e,2,2024-01-29 01:21:23.513574,2025-01-28 01:21:23.513574,cancelled,2024-01-29 01:21:23.513574
71e967ed-a296-4bbd-9c87-3c9963a2a95d,fa3042f0-3373-4148-8e74-ba00aeb9d6ad,6faad6c3-0698-49af-923d-b4c076b66e67,2,2025-09-11 22:20:53.256566,2026-09-11 22:20:53.256566,active,2025-09-11 22:20:53.256566
9ee31f6d-8d6b-4cb4-93a3-40f424e05529,f88f8168-5339-463b-8322-ac27382fd484,c065edf8-d292-423e-9b2b-01127a9d7e5a,2,2025-02-21 12:59:54.304909,2025-11-18 12:59:54.304909,cancelled,2025-02-21 12:59:54.304909
5cd57359-b4a4-49cf-9b94-e178ce1192aa,2d0b5a85-52ba-42d2-8c3c-36f76d0de770,7dec7e2d-cbe7-47f4-a034-1dc6f125e5fb,4,2025-04-29 01:36:17.722344,2025-10-26 01:36:17.722344,active,2025-04-29 01:36:17.722344
e93b47d4-8e68-4afa-b451-f24e276f09b5,2d0b5a85-52ba-42d2-8c3c-36f76d0de770,b01e46a4-3996-445c-a7f7-6e513c3d94e2,4,2024-10-02 05:57:28.645913,2025-03-31 05:57:28.645913,cancelled,2024-10-02 05:57:28.645913
1fb67609-85bd-42fb-ab59-264fd06d551c,2ed2e1c9-521c-4b72-8d0e-6c66302c58cf,0ec0a908-b86b-41f5-88f5-0d0c2fd5bbfd,3,2024-10-29 02:46:00.635732,,active,2024-10-29 02:46:00.635732
45bb02e3-279a-4270-af7c-532fcd16fa02,86ecfb68-bbcc-4914-9dc1-63c07877370e,b8f1b426-2dc1-4899-b46c-4964712f3bbe,4,2024-10-25 23:34:01.485327,2024-11-24 23:34:01.485327,active,2024-10-25 23:34:01.485327
5b18bf74-7c15-4e4e-853b-25ce5f9a5e69,eb4ec4cd-ecb2-4972-a591-8b81cb3e8abd,51e73b3a-93a0-4865-8f22-5867065e5e3d,1,2025-03-19 10:42:03.705798,2025-12-14 10:42:03.705798,active,2025-03-19 10:42:03.705798
0a06b543-8d21-4da3-bd61-af55a26a9c5b,9251a5f9-af7f-4c0b-9d8c-5dfe111e062c,e32c278f-7d48-4aa2-a995-06199e8c4984,1,2025-02-10 04:28:04.296415,2026-01-06 04:28:04.296415,cancelled,2025-02-10 04:28:04.296415
4ae0146d-b6bc-4ef7-849e-7324b01228e2,7922a9fa-daea-45db-be63-531047738906,62a349ae-2171-491f-8460-e82d006494cd,2,2025-05-13 02:41:09.626795,2026-05-13 02:41:09.626795,cancelled,2025-05-13 02:41:09.626795
be502680-347a-4bab-8a66-28ba35b7fe27,fa3042f0-3373-4148-8e74-ba00aeb9d6ad,9ce3d099-4392-4c61-863f-2ed32b3e77b9,2,2024-05-02 19:29:25.004086,2025-05-02 19:29:25.004086,active,2024-05-02 19:29:25.004086
f30d0584-5378-4831-af2d-d0d70972ff20,3589016b-15f9-48c8-87d6-b1357ebe7108,1d5aa35e-9e8a-49ff-b50a-8e981ccc3a02,4,2025-10-03 23:53:23.283581,2026-10-03 23:53:23.283581,past_due,2025-10-03 23:53:23.283581
5fcc91f9-66da-449b-916b-ac601b330c55,c1264dd0-d8e0-409c-a455-570ac5c3eaf7,4bc0044c-6c70-4029-93f6-3534b25e617e,4,2025-07-12 20:20:47.368112,2025-10-10 20:20:47.368112,cancelled,2025-07-12 20:20:47.368112
5b35cb9b-c8fd-49aa-b51c-b58b22b283a4,0134048c-46fc-467d-af8a-002eacfcca2a,8fda3157-5cba-4fdb-a311-7163597da8ee,1,2025-04-16 17:11:32.639496,2025-07-15 17:11:32.639496,active,2025-04-16 17:11:32.639496
65449170-4b7b-4f92-8268-a2d2cc249fa5,9251a5f9-af7f-4c0b-9d8c-5dfe111e062c,055efca6-076c-4c19-b3d8-ffb0df6c31eb,1,2024-07-15 10:04:31.480215,,cancelled,2024-07-15 10:04:31.480215
9615a298-e062-4fed-bb16-7b1946e9933c,efad426a-6ed3-47d0-863b-8bee3c9d0443,3d9cdd2d-6c54-4a5d-8523-44dbcfa5769f,5,2024-06-19 23:39:26.665678,2024-08-18 23:39:26.665678,active,2024-06-19 23:39:26.665678
8c775a04-008f-4b7d-8986-bc271d967cdc,bfd9d982-8dc9-46a9-9274-8f27d4078c33,dc38bdbf-17c4-4b88-ae78-890508b4c203,2,2025-08-24 15:47:32.855986,2026-05-21 15:47:32.855986,active,2025-08-24 15:47:32.855986
c7301a10-71cc-4170-bf74-c64153378162,489c5de4-0338-4a26-9f1f-36ce2d848ce1,7dec7e2d-cbe7-47f4-a034-1dc6f125e5fb,3,2024-02-24 21:43:59.972375,2025-02-23 21:43:59.972375,active,2024-02-24 21:43:59.972375
0b908253-cbd8-48c7-a15a-ded9dc7e0653,489c5de4-0338-4a26-9f1f-36ce2d848ce1,fffa9479-85a3-4dd3-b81b-0428efaa121b,3,2024-07-28 10:13:24.822340,2025-07-28 10:13:24.822340,active,2024-07-28 10:13:24.822340
52c18da3-2854-4cb1-ac4a-a606e99e939b,2d0b5a85-52ba-42d2-8c3c-36f76d0de770,aa4ac84a-8cca-4824-a164-1692be618316,4,2025-07-27 11:59:02.625726,2026-04-23 11:59:02.625726,active,2025-07-27 11:59:02.625726
8f239108-bb00-4781-8c04-9899456bbb8a,fa3042f0-3373-4148-8e74-ba00aeb9d6ad,56ead890-276b-4027-95ea-6a054ca92caa,2,2025-06-04 10:35:10.709644,,active,2025-06-04 10:35:10.709644
d13e9a89-b4ed-46c7-9c6b-e11b288e2312,9251a5f9-af7f-4c0b-9d8c-5dfe111e062c,a5588246-3a64-410e-b2e4-a66b6a81e580,1,2024-12-28 15:13:26.437511,2025-08-25 15:13:26.437511,active,2024-12-28 15:13:26.437511
b181260e-fe5b-4f3d-936a-d21da4b3d6b9,d3816ecb-0b75-4a7f-9314-e4b63474bfd6,fe39de74-996a-4388-8414-58a54d132b92,2,2025-03-07 03:39:04.142495,2025-12-02 03:39:04.142495,active,2025-03-07 03:39:04.142495
bd16e7f0-95e9-42a2-bfd4-febfe6f06535,d3816ecb-0b75-4a7f-9314-e4b63474bfd6,a3641edb-232e-408c-add7-9862cc8a6dda,2,2025-03-03 22:43:33.505247,2025-06-01 22:43:33.505247,past_due,2025-03-03 22:43:33.505247
a2bcfe75-aec9-48ed-9984-37ef66ddf3ca,0173a8d9-eb7a-4d40-9a45-34d202be238c,06799637-702c-4e18-a54c-913f5e3b394f,3,2024-10-05 11:05:58.419833,2025-10-05 11:05:58.419833,active,2024-10-05 11:05:58.419833
4dd3f29d-7f50-4b75-8342-11e4c26af9b0,7922a9fa-daea-45db-be63-531047738906,425577ca-6021-492c-8905-d0d2294b8015,2,2024-03-19 11:21:58.140975,2025-03-19 11:21:58.140975,active,2024-03-19 11:21:58.140975
a7ae9de0-aede-4642-92db-03df6a5c2fdc,5a940b66-2c3a-48be-96b5-952b4ad384aa,705b1b28-4c8b-4e7b-9538-c67ab8623ede,5,2024-08-13 20:04:52.451589,2025-02-09 20:04:52.451589,active,2024-08-13 20:04:52.451589
de79da62-12a7-41c6-8d89-6f97bdcc42f5,489c5de4-0338-4a26-9f1f-36ce2d848ce1,28df02a8-d22f-4128-9be6-d063cfde274b,3,2023-11-22 07:20:47.903930,2024-11-21 07:20:47.903930,active,2023-11-22 07:20:47.903930
b96e21bf-c91f-4b6b-8fcd-c795f6510fae,0e114156-a9cb-461f-86b3-c498dfe36880,90134f41-186d-4963-97e8-3488ecb34c7f,3,2025-01-30 05:59:51.021569,2025-03-31 05:59:51.021569,active,2025-01-30 05:59:51.021569
74e99f83-b005-4a52-b87d-0377356392af,fd369adf-b0ec-40b3-a62e-0ed0f76a563b,5f78d15f-df33-4966-bdb9-273eb35d65a0,5,2025-02-08 08:05:29.702853,2026-02-08 08:05:29.702853,active,2025-02-08 08:05:29.702853
63607983-fc9b-4370-9714-417593b6b1b9,fd369adf-b0ec-40b3-a62e-0ed0f76a563b,1462eb45-bb94-43ad-bb4b-429923454274,5,2025-09-03 21:54:07.863124,2026-09-03 21:54:07.863124,active,2025-09-03 21:54:07.863124
eff3efb4-0a55-4f0e-b3c4-1cec19e3a4f0,2d0b5a85-52ba-42d2-8c3c-36f76d0de770,68b3470e-904f-4b39-be36-434952373038,4,2024-03-18 09:45:36.810541,2024-09-14 09:45:36.810541,active,2024-03-18 09:45:36.810541
ed7cf339-43b1-4ddd-902d-698360795dda,a3f235d0-3516-43df-b1fd-0a7984087b3b,247b2387-2acc-4c24-a426-6b5a3de4122c,5,2025-06-26 14:30:29.205381,,active,2025-06-26 14:30:29.205381
f90933cc-b6ea-44f7-ba54-a5b19151e42b,efad426a-6ed3-47d0-863b-8bee3c9d0443,d7b8f58d-3f13-4d03-babc-8b981bd36110,5,2024-08-11 19:34:46.445595,2025-03-09 19:34:46.445595,past_due,2024-08-11 19:34:46.445595
b91e61e1-ea67-4738-b4cc-1b59668aae52,86ecfb68-bbcc-4914-9dc1-63c07877370e,c9215d4b-e127-4d38-85c4-0d7903431b9c,4,2024-01-23 16:32:29.759873,2024-10-19 16:32:29.759873,cancelled,2024-01-23 16:32:29.759873
c8c980c4-c3fc-4ea2-b58b-90ef0326a338,d3816ecb-0b75-4a7f-9314-e4b63474bfd6,df0f5ae2-d780-42c1-9143-999e0a4820d5,2,2025-03-17 14:32:58.250580,2025-09-13 14:32:58.250580,active,2025-03-17 14:32:58.250580
c991b224-ba34-4ac1-83ba-d0dfa4a067bc,fd369adf-b0ec-40b3-a62e-0ed0f76a563b,c3b479f3-af7a-4fb3-abfa-b5fc74344c13,5,2024-07-26 01:36:46.008432,,active,2024-07-26 01:36:46.008432
5d81bd02-68a0-4db3-a57c-45c6acd26253,1d40586c-0449-4f35-9a6c-8578ff7c4a62,d81fa4b7-9ecc-4cef-aa0b-2928479c1315,5,2025-06-17 15:12:33.255731,2026-06-17 15:12:33.255731,cancelled,2025-06-17 15:12:33.255731
4ba218e8-470d-40eb-9c8e-a2b3a052e7e9,2d0b5a85-52ba-42d2-8c3c-36f76d0de770,651aec1e-3cd2-42fd-bf28-d10f2851b962,4,2024-07-18 06:14:52.620611,,cancelled,2024-07-18 06:14:52.620611
486e62bb-bcd4-4846-bc67-cd157f3ec930,fa3042f0-3373-4148-8e74-ba00aeb9d6ad,e5efe6ef-082b-47fc-8575-32f3e68f184d,2,2024-06-06 09:30:36.476026,2025-06-06 09:30:36.476026,cancelled,2024-06-06 09:30:36.476026
0a38833a-9d05-4cd2-974a-b5745a023a0b,5a940b66-2c3a-48be-96b5-952b4ad384aa,510a894c-aeab-4857-858b-896cf3c0da61,5,2025-04-24 08:53:39.776578,,cancelled,2025-04-24 08:53:39.776578
86c1dc7f-8c79-4827-a200-4e4fba4f216c,b559d42f-aec2-4e41-a64f-f5d68397e4ff,57d24489-dd79-432c-9b86-ff9af3d56c0c,4,2025-02-26 00:40:43.039568,2026-02-26 00:40:43.039568,active,2025-02-26 00:40:43.039568
ca960885-ebe5-4e7d-9a9a-15d922f11f9a,9251a5f9-af7f-4c0b-9d8c-5dfe111e062c,f01e104c-a9e0-4aae-aa41-1c9a94222a7f,1,2024-05-23 12:15:57.238727,2024-12-19 12:15:57.238727,active,2024-05-23 12:15:57.238727
91a153d1-60e4-4fb6-bd96-aac898a4a8ee,9251a5f9-af7f-4c0b-9d8c-5dfe111e062c,c6e571a9-e3ee-4e80-acb2-71528ffb6831,1,2024-10-25 10:09:46.030436,2025-09-20 10:09:46.030436,active,2024-10-25 10:09:46.030436
37d6156c-1b5f-4cab-955b-7ca7202bc22e,3589016b-15f9-48c8-87d6-b1357ebe7108,3ee276b9-f4fb-40d3-93ad-68cfd7cd93d1,4,2025-06-28 20:33:20.259299,2026-06-28 20:33:20.259299,active,2025-06-28 20:33:20.259299
ac1d9c94-fc8f-4401-9780-495bb79f5abc,3589016b-15f9-48c8-87d6-b1357ebe7108,90134f41-186d-4963-97e8-3488ecb34c7f,4,2025-03-11 08:33:13.545406,,past_due,2025-03-11 08:33:13.545406
a50402e1-89a9-4040-bc96-bc6413f1c3d2,fa3042f0-3373-4148-8e74-ba00aeb9d6ad,4df84449-3097-4845-b534-7f2366ef990f,2,2024-02-29 06:20:48.156657,,cancelled,2024-02-29 06:20:48.156657
d65ac143-1046-41f7-958b-547b1e6dbd8d,f88f8168-5339-463b-8322-ac27382fd484,efa09d8e-37db-4fc1-8755-9a8dd19fccd2,2,2024-10-29 08:01:12.113764,2025-01-27 08:01:12.113764,active,2024-10-29 08:01:12.113764
44e4af13-5156-45f7-a6f7-4bd4decd897b,5a940b66-2c3a-48be-96b5-952b4ad384aa,75904270-de41-4872-b8cf-b44fd8a875aa,5,2024-03-21 07:39:20.705636,2024-12-16 07:39:20.705636,cancelled,2024-03-21 07:39:20.705636
2502450d-fe1b-43a0-96a3-12a9d042850c,fa3042f0-3373-4148-8e74-ba00aeb9d6ad,3923e1da-0904-4b94-a8fd-ee7d483b1b8c,2,2024-07-25 07:04:15.052224,2025-07-25 07:04:15.052224,cancelled,2024-07-25 07:04:15.052224
0356271f-f563-4088-8437-83b7909a2996,2d0b5a85-52ba-42d2-8c3c-36f76d0de770,b364f16e-cc9d-4747-88ad-b87f82e5ec32,4,2023-11-01 22:10:07.103718,2024-04-29 22:10:07.103718,active,2023-11-01 22:10:07.103718
29b1dfc0-4e8e-448f-bee8-bfc3e2f8dffd,86ecfb68-bbcc-4914-9dc1-63c07877370e,d7be2a03-1805-492c-8b6e-62e2612cf139,4,2024-04-23 21:07:27.095932,2024-09-20 21:07:27.095932,cancelled,2024-04-23 21:07:27.095932
bbe56850-42e9-4959-9011-82ae77fca918,489c5de4-0338-4a26-9f1f-36ce2d848ce1,7bdde086-8503-4285-bd71-8d4ec256e499,3,2025-08-26 08:56:34.609488,,cancelled,2025-08-26 08:56:34.609488
8dc75ea8-d287-4203-8963-5a921009e156,489c5de4-0338-4a26-9f1f-36ce2d848ce1,a1274533-70b6-4ea6-8347-1afa9c236f20,3,2025-09-17 12:47:19.515617,2026-09-17 12:47:19.515617,past_due,2025-09-17 12:47:19.515617
c352336f-5c3c-455b-93a2-48d22ebe8078,a3f235d0-3516-43df-b1fd-0a7984087b3b,247b2387-2acc-4c24-a426-6b5a3de4122c,5,2024-08-13 16:39:00.316952,2025-08-13 16:39:00.316952,cancelled,2024-08-13 16:39:00.316952
7f249445-eea5-4f89-87df-c402a89f180f,fa3042f0-3373-4148-8e74-ba00aeb9d6ad,ecaee6f0-7535-412c-b3fe-f1c7aac5709c,2,2024-01-10 21:47:34.854974,2025-01-09 21:47:34.854974,past_due,2024-01-10 21:47:34.854974
9424d004-c53c-4304-b702-3bab71c64b3c,fa3042f0-3373-4148-8e74-ba00aeb9d6ad,3ee276b9-f4fb-40d3-93ad-68cfd7cd93d1,2,2024-02-06 17:45:55.476783,2025-02-05 17:45:55.476783,past_due,2024-02-06 17:45:55.476783
6bfa9756-7e57-46dc-bdea-c74442514d2c,d3816ecb-0b75-4a7f-9314-e4b63474bfd6,fe39de74-996a-4388-8414-58a54d132b92,2,2025-06-30 04:36:48.882838,2025-12-27 04:36:48.882838,active,2025-06-30 04:36:48.882838
66c58951-4c05-43f6-b4fb-01a0479fb013,ae23de17-b775-46b1-9a84-af6cf71a4d38,425577ca-6021-492c-8905-d0d2294b8015,3,2025-02-13 04:06:38.484039,2025-04-14 04:06:38.484039,active,2025-02-13 04:06:38.484039
d43ceb95-2671-4ad5-8df4-7a49b054875d,c1264dd0-d8e0-409c-a455-570ac5c3eaf7,c5e0bd46-4dbd-4daf-888c-416ee5cb7948,4,2025-04-11 09:56:40.091967,,active,2025-04-11 09:56:40.091967
08a31862-7c41-4999-a9c9-41cd37d40296,2d0b5a85-52ba-42d2-8c3c-36f76d0de770,46ca3c0d-97b8-40e0-80c4-dcd5b586fa5a,4,2024-02-15 03:06:34.501966,2024-05-15 03:06:34.501966,active,2024-02-15 03:06:34.501966
f5e7b520-e960-4ea1-8552-5b3a14738892,fa3042f0-3373-4148-8e74-ba00aeb9d6ad,4df84449-3097-4845-b534-7f2366ef990f,2,2024-01-08 12:13:06.743776,2025-01-07 12:13:06.743776,active,2024-01-08 12:13:06.743776
88021b0a-245f-4024-bcf8-ab7239ee0a05,fd369adf-b0ec-40b3-a62e-0ed0f76a563b,535ed148-9e32-4bc1-954f-ce7ca0c78d4d,5,2024-02-06 06:19:04.592276,2025-02-05 06:19:04.592276,past_due,2024-02-06 06:19:04.592276
674b4deb-8cbc-4b61-96cf-e4790cad3b0b,fa3042f0-3373-4148-8e74-ba00aeb9d6ad,0888a1fe-b160-42d7-aef0-a63374c5cd57,2,2023-11-07 20:55:46.928209,2024-11-06 20:55:46.928209,cancelled,2023-11-07 20:55:46.928209
c37770a0-0cad-4bdd-9acb-a670675d5cde,0134048c-46fc-467d-af8a-002eacfcca2a,4bc0044c-6c70-4029-93f6-3534b25e617e,1,2023-12-09 13:13:18.524803,2024-09-04 13:13:18.524803,cancelled,2023-12-09 13:13:18.524803
b6702ebc-d0a7-4e39-a83e-7579ed99b6cf,b559d42f-aec2-4e41-a64f-f5d68397e4ff,f01e104c-a9e0-4aae-aa41-1c9a94222a7f,4,2025-09-03 11:12:51.249695,,active,2025-09-03 11:12:51.249695
55521c78-2c39-48ae-ba29-3d675a396de1,2d0b5a85-52ba-42d2-8c3c-36f76d0de770,5c487013-e3d3-4fa8-a079-a06d0d3e5c43,4,2025-07-08 09:01:06.829209,2026-01-04 09:01:06.829209,active,2025-07-08 09:01:06.829209
2062471c-249f-4bf2-986a-bfc357a7694a,5a940b66-2c3a-48be-96b5-952b4ad384aa,5c4794a2-a0f3-442d-a450-d0926001d9fa,5,2025-02-22 21:35:02.111599,2025-05-23 21:35:02.111599,cancelled,2025-02-22 21:35:02.111599
4e8a2237-06a7-4671-b2ae-01d10dee5255,2d0b5a85-52ba-42d2-8c3c-36f76d0de770,2fbbefc9-24d0-48bd-b710-230ae4744cec,4,2025-06-23 06:38:04.352382,,active,2025-06-23 06:38:04.352382
7fd20574-f4af-4401-be42-afd3e89141f6,fd369adf-b0ec-40b3-a62e-0ed0f76a563b,79263a98-6b11-4708-a4f5-dd1743d31ff5,5,2024-04-05 04:21:44.202336,2025-04-05 04:21:44.202336,past_due,2024-04-05 04:21:44.202336
a74ea845-5905-426b-bfaa-2b4692b76363,efad426a-6ed3-47d0-863b-8bee3c9d0443,df0f5ae2-d780-42c1-9143-999e0a4820d5,5,2025-01-15 16:54:28.178370,2025-02-14 16:54:28.178370,cancelled,2025-01-15 16:54:28.178370
4b53593a-98a0-4895-be68-1edb8ddf8fac,3589016b-15f9-48c8-87d6-b1357ebe7108,f01e104c-a9e0-4aae-aa41-1c9a94222a7f,4,2023-12-01 10:51:58.356745,2024-11-30 10:51:58.356745,active,2023-12-01 10:51:58.356745
634e472d-6bf8-4c27-975b-ad0826c3cb32,63939eba-0d46-4b0f-84fb-db07cc9fa42a,48790060-5a93-430c-9834-f22fd40ff5b6,1,2025-07-01 11:59:24.584349,2026-03-28 11:59:24.584349,active,2025-07-01 11:59:24.584349
dcff4448-3adc-4287-bd7c-918ece60c58c,1d40586c-0449-4f35-9a6c-8578ff7c4a62,426409c0-25f5-4514-903a-8af3e158d36c,5,2025-07-01 10:12:26.596522,2026-07-01 10:12:26.596522,active,2025-07-01 10:12:26.596522
25ed295d-c026-4777-bc00-95f9295b07fb,9251a5f9-af7f-4c0b-9d8c-5dfe111e062c,fffa9479-85a3-4dd3-b81b-0428efaa121b,1,2024-08-30 04:47:02.341894,2025-03-28 04:47:02.341894,cancelled,2024-08-30 04:47:02.341894
152be992-aa71-4495-9221-78d9c868a601,63939eba-0d46-4b0f-84fb-db07cc9fa42a,f06cc419-96c9-477a-8ccf-e67c2964e36f,1,2023-12-31 08:00:41.279780,2024-06-28 08:00:41.279780,active,2023-12-31 08:00:41.279780
f01c0830-25a0-4a74-9a50-5c71b3086e00,0e114156-a9cb-461f-86b3-c498dfe36880,48790060-5a93-430c-9834-f22fd40ff5b6,3,2025-10-01 23:28:53.108977,2026-01-29 23:28:53.108977,active,2025-10-01 23:28:53.108977
b797c703-819f-4f08-9c93-3fb565135693,2ed2e1c9-521c-4b72-8d0e-6c66302c58cf,f1dc70b8-6785-49f4-bf7f-5558297c2a94,3,2024-10-21 20:45:37.463600,,active,2024-10-21 20:45:37.463600
45b4312d-5886-4bc7-83c6-a1f93230899e,489c5de4-0338-4a26-9f1f-36ce2d848ce1,627a5d35-fd71-4f70-a9ef-5e898997160c,3,2024-05-13 02:53:00.344875,2025-05-13 02:53:00.344875,active,2024-05-13 02:53:00.344875
7f94c865-2dcf-45b5-82b3-6e044f580a7c,1d40586c-0449-4f35-9a6c-8578ff7c4a62,54e75cac-2607-489f-b21c-b12e0065a51c,5,2024-07-08 04:31:34.071621,2025-07-08 04:31:34.071621,active,2024-07-08 04:31:34.071621
fa074dae-8504-448c-9e32-568bea0f7fef,c1264dd0-d8e0-409c-a455-570ac5c3eaf7,e32c278f-7d48-4aa2-a995-06199e8c4984,4,2024-11-23 21:53:09.188425,,cancelled,2024-11-23 21:53:09.188425
81b06499-8cf8-4116-8727-e4fe0309bd8c,f88f8168-5339-463b-8322-ac27382fd484,7214f98e-b5d5-4d98-ab86-32040e49112f,2,2025-09-10 19:53:35.924217,2026-03-09 19:53:35.924217,active,2025-09-10 19:53:35.924217
c4fbf4e4-b07d-4059-8041-ad4b0664d574,2ed2e1c9-521c-4b72-8d0e-6c66302c58cf,9f8acdaa-47f2-4f97-9a51-7614708e0b5e,3,2024-12-18 07:40:39.904258,2025-06-16 07:40:39.904258,cancelled,2024-12-18 07:40:39.904258
3f3c7059-caab-47d3-b294-968dbd624be0,0e114156-a9cb-461f-86b3-c498dfe36880,987ee357-3a64-4a56-9114-17176e2341a9,3,2024-02-06 21:29:16.067776,2024-11-02 21:29:16.067776,active,2024-02-06 21:29:16.067776
61e01338-7d04-42ba-8ef0-188ce7000e9c,bfd9d982-8dc9-46a9-9274-8f27d4078c33,6faad6c3-0698-49af-923d-b4c076b66e67,2,2024-03-11 10:20:46.680397,2024-12-06 10:20:46.680397,active,2024-03-11 10:20:46.680397
dc721bc2-d6d4-4f26-bf33-8148a2525ed9,eb4ec4cd-ecb2-4972-a591-8b81cb3e8abd,680adf70-65b0-4469-b70f-8bcd780fa2bc,1,2024-01-17 14:13:35.099021,2024-02-16 14:13:35.099021,active,2024-01-17 14:13:35.099021
9b30e738-a9af-4be2-ae6e-bab57524836a,eb4ec4cd-ecb2-4972-a591-8b81cb3e8abd,510a894c-aeab-4857-858b-896cf3c0da61,1,2024-11-25 02:20:29.959415,,active,2024-11-25 02:20:29.959415
f0c8c010-68fa-4830-a3ab-a7a238b953d4,bfd9d982-8dc9-46a9-9274-8f27d4078c33,cd364cf0-d7af-4e32-8b65-cc92fd41ada2,2,2023-11-12 00:21:24.636566,2024-02-10 00:21:24.636566,active,2023-11-12 00:21:24.636566
65c6732b-a103-4642-9441-348f37204e89,fd369adf-b0ec-40b3-a62e-0ed0f76a563b,a468c3c3-f406-433d-91a5-8148220b903b,5,2024-02-12 08:01:38.970634,2025-02-11 08:01:38.970634,active,2024-02-12 08:01:38.970634
db1dde40-ea06-41ae-bb69-5e60d718c6a8,d3816ecb-0b75-4a7f-9314-e4b63474bfd6,b00489fd-f199-40cc-bde9-a78d5b3dbb73,2,2025-04-02 19:30:15.994688,,active,2025-04-02 19:30:15.994688
abf24c43-f25d-485c-ac19-0472ad7968e3,86ecfb68-bbcc-4914-9dc1-63c07877370e,149f0e8d-c79d-455e-bb97-75d60852a09d,4,2024-10-04 20:28:57.988578,2025-03-03 20:28:57.988578,active,2024-10-04 20:28:57.988578
fc97835d-16a2-4f31-85b3-5245ad7948ca,86ecfb68-bbcc-4914-9dc1-63c07877370e,51e73b3a-93a0-4865-8f22-5867065e5e3d,4,2025-04-06 17:36:43.633585,2025-09-03 17:36:43.633585,past_due,2025-04-06 17:36:43.633585
80a72bcd-e691-4034-a8ab-feeec2cf470a,2ed2e1c9-521c-4b72-8d0e-6c66302c58cf,bb30e53a-d79e-4f41-81fb-fa79b6082f84,3,2023-12-29 02:36:36.041703,2024-03-28 02:36:36.041703,active,2023-12-29 02:36:36.041703
fe389f8d-43c7-4094-bfaa-cc475d23df64,0134048c-46fc-467d-af8a-002eacfcca2a,c3237f7a-3f7f-4361-9a1c-a83434344608,1,2024-10-13 23:14:28.362238,2025-04-11 23:14:28.362238,cancelled,2024-10-13 23:14:28.362238
e173d8a9-f672-4353-83a0-6665d862b0f9,a3f235d0-3516-43df-b1fd-0a7984087b3b,4a5f1591-c943-451e-8297-394def2f546d,5,2024-04-10 10:25:14.218688,2025-04-10 10:25:14.218688,cancelled,2024-04-10 10:25:14.218688
509e1d5a-1143-4c44-9731-da6c9792e361,ae23de17-b775-46b1-9a84-af6cf71a4d38,90d998a7-29e2-40d6-9ee8-e80437a25ad9,3,2025-03-02 19:30:10.644234,2025-08-29 19:30:10.644234,active,2025-03-02 19:30:10.644234
f0f94925-59d7-4e6d-819e-db6f9b6ac5f2,c1264dd0-d8e0-409c-a455-570ac5c3eaf7,57e30de2-c260-46a7-a7c5-0cbceaf2c320,4,2024-05-22 23:09:36.912681,2024-11-18 23:09:36.912681,active,2024-05-22 23:09:36.912681
26effd1f-3904-41e7-b050-f1ad1bace31b,3589016b-15f9-48c8-87d6-b1357ebe7108,22d700c6-5eaf-4853-8b0b-60fc9cd103bd,4,2024-02-07 17:57:35.713753,2025-02-06 17:57:35.713753,past_due,2024-02-07 17:57:35.713753
b35c3b07-3438-41d1-b4f1-13ecd1782272,0173a8d9-eb7a-4d40-9a45-34d202be238c,43dd9f08-6d19-4a0d-ba4b-55948fe16c1b,3,2024-09-09 01:35:41.164599,2025-09-09 01:35:41.164599,active,2024-09-09 01:35:41.164599
640234f1-5b0e-415d-ab7c-fa45b8dde6f4,1d40586c-0449-4f35-9a6c-8578ff7c4a62,a9e81e7c-24e6-43e6-a771-35fdec7ac1bf,5,2025-08-02 02:50:03.457633,2026-08-02 02:50:03.457633,past_due,2025-08-02 02:50:03.457633
e81fc948-3733-4abf-a29f-7234cdd380b2,2d0b5a85-52ba-42d2-8c3c-36f76d0de770,8dd00fc6-e781-41d3-9f2c-ba389e89bacc,4,2024-06-21 17:31:58.643930,2025-03-18 17:31:58.643930,active,2024-06-21 17:31:58.643930
a5844220-6cce-42bc-85df-00756513001a,86ecfb68-bbcc-4914-9dc1-63c07877370e,ed9a2d78-9a6a-4694-97db-1ef71fc10f72,4,2025-03-10 01:42:00.657755,,active,2025-03-10 01:42:00.657755
02236456-696e-41f2-a725-e90a47898d6d,d3816ecb-0b75-4a7f-9314-e4b63474bfd6,9c586377-0068-44b6-a265-16c0dd2e8872,2,2023-12-13 12:41:24.490810,2024-09-08 12:41:24.490810,active,2023-12-13 12:41:24.490810
4782d4fc-576d-483b-9947-5d313b9c9895,f88f8168-5339-463b-8322-ac27382fd484,1462eb45-bb94-43ad-bb4b-429923454274,2,2024-05-26 12:30:37.737181,2025-02-20 12:30:37.737181,active,2024-05-26 12:30:37.737181
cf01f032-378a-457d-a674-2cf7caf79354,c1264dd0-d8e0-409c-a455-570ac5c3eaf7,b104e455-0b13-4f14-8ddb-060433400851,4,2023-11-05 02:20:00.464864,2024-05-03 02:20:00.464864,cancelled,2023-11-05 02:20:00.464864
927f8ce6-a7e1-4ef7-9158-5b0fe5977160,0173a8d9-eb7a-4d40-9a45-34d202be238c,c3237f7a-3f7f-4361-9a1c-a83434344608,3,2025-09-26 02:37:06.106927,2026-09-26 02:37:06.106927,active,2025-09-26 02:37:06.106927
7700281b-8054-48aa-8266-1c7fe8eab04e,fa3042f0-3373-4148-8e74-ba00aeb9d6ad,d7b8f58d-3f13-4d03-babc-8b981bd36110,2,2025-01-30 15:57:08.557489,2026-01-30 15:57:08.557489,cancelled,2025-01-30 15:57:08.557489
e52873f5-e936-4eb2-9b03-c150fb95a028,0134048c-46fc-467d-af8a-002eacfcca2a,22d700c6-5eaf-4853-8b0b-60fc9cd103bd,1,2024-07-02 11:15:53.169393,,active,2024-07-02 11:15:53.169393
585d746a-bd35-4496-b52b-cdd027fcbe7e,a3f235d0-3516-43df-b1fd-0a7984087b3b,8e0c3371-98e6-4087-abf3-65112bcb7337,5,2024-12-24 18:04:19.827592,2025-12-24 18:04:19.827592,active,2024-12-24 18:04:19.827592
8d1481f7-5fb6-48b8-8bec-45c585e28a35,ae23de17-b775-46b1-9a84-af6cf71a4d38,94f2132e-51ba-4894-928f-527abf0e84f7,3,2025-07-05 05:15:30.852076,2026-05-31 05:15:30.852076,active,2025-07-05 05:15:30.852076
d1ceebec-343a-4a76-8fea-fd68a65c7478,f88f8168-5339-463b-8322-ac27382fd484,43dd9f08-6d19-4a0d-ba4b-55948fe16c1b,2,2023-12-03 07:26:53.903293,,cancelled,2023-12-03 07:26:53.903293
2abd22a4-0e2d-48a5-9439-1412b5cedcab,f758d9c8-2066-4dc7-8870-73b33d45dacf,fbaf05f4-0c3a-48e3-9f28-1cef844dcbed,1,2024-11-07 09:48:04.216339,,cancelled,2024-11-07 09:48:04.216339
33c839eb-6da1-4566-a863-4f9aff81545f,fd369adf-b0ec-40b3-a62e-0ed0f76a563b,425577ca-6021-492c-8905-d0d2294b8015,5,2024-04-13 22:29:08.243764,2025-04-13 22:29:08.243764,past_due,2024-04-13 22:29:08.243764
ff0cdfbf-44e9-4e81-9f23-d46d3f39af17,f88f8168-5339-463b-8322-ac27382fd484,4a5f1591-c943-451e-8297-394def2f546d,2,2024-11-29 08:18:57.822366,2025-08-26 08:18:57.822366,active,2024-11-29 08:18:57.822366
559ace77-983b-43b3-87af-59a4332e9eb6,b559d42f-aec2-4e41-a64f-f5d68397e4ff,0c012021-1a79-43b6-9034-62d3713e0a85,4,2024-01-06 18:13:12.145290,2025-01-05 18:13:12.145290,active,2024-01-06 18:13:12.145290
4e13148d-ee4a-4c17-ae68-4342c2ad75fd,0173a8d9-eb7a-4d40-9a45-34d202be238c,b104e455-0b13-4f14-8ddb-060433400851,3,2024-01-04 19:43:13.972785,2025-01-03 19:43:13.972785,active,2024-01-04 19:43:13.972785
885ebbd9-86a5-4725-afcf-748a51954df0,489c5de4-0338-4a26-9f1f-36ce2d848ce1,9ce3d099-4392-4c61-863f-2ed32b3e77b9,3,2025-02-06 19:51:47.238231,2026-02-06 19:51:47.238231,cancelled,2025-02-06 19:51:47.238231
f0302b10-50e6-4ddb-a39e-9eab89262187,d3816ecb-0b75-4a7f-9314-e4b63474bfd6,c3b479f3-af7a-4fb3-abfa-b5fc74344c13,2,2025-03-17 13:57:16.079783,2025-09-13 13:57:16.079783,active,2025-03-17 13:57:16.079783
36477291-2408-4334-8022-1a6398b1cb46,9251a5f9-af7f-4c0b-9d8c-5dfe111e062c,df0f5ae2-d780-42c1-9143-999e0a4820d5,1,2024-12-27 01:32:44.393277,2025-01-26 01:32:44.393277,active,2024-12-27 01:32:44.393277
dd6aa5c7-9618-42f4-b0eb-0de1c4965eb5,0e114156-a9cb-461f-86b3-c498dfe36880,9dc0480a-f83c-4804-a28b-597542baab23,3,2023-12-02 14:04:28.897411,2024-06-29 14:04:28.897411,active,2023-12-02 14:04:28.897411
aa55f1aa-d1d1-4c2b-a96a-bb7a92f62a0c,86ecfb68-bbcc-4914-9dc1-63c07877370e,d7b8f58d-3f13-4d03-babc-8b981bd36110,4,2024-08-12 16:37:54.141819,2024-11-10 16:37:54.141819,cancelled,2024-08-12 16:37:54.141819
b74cb885-6a93-45dc-a490-27558ebe6500,bfd9d982-8dc9-46a9-9274-8f27d4078c33,6d9e0720-3a81-4970-aab7-ae4841875f8b,2,2024-09-27 16:02:41.056018,2025-04-25 16:02:41.056018,active,2024-09-27 16:02:41.056018
67422dd3-3465-4bc2-ab51-d33e7913baba,fd369adf-b0ec-40b3-a62e-0ed0f76a563b,8146b10a-3373-457e-bc64-cf7c5f7ac6c1,5,2025-03-21 18:50:07.662170,2026-03-21 18:50:07.662170,active,2025-03-21 18:50:07.662170
8ed35d46-fefb-4e60-9df7-97bc72b9b9a0,eb4ec4cd-ecb2-4972-a591-8b81cb3e8abd,0643f065-0161-43f0-998c-fece93634026,1,2023-11-01 12:29:13.657791,2023-12-31 12:29:13.657791,active,2023-11-01 12:29:13.657791
b8f44363-34a6-40f4-913d-61265d729fbe,efad426a-6ed3-47d0-863b-8bee3c9d0443,fe39de74-996a-4388-8414-58a54d132b92,5,2023-11-09 18:58:09.902473,2024-03-08 18:58:09.902473,cancelled,2023-11-09 18:58:09.902473
b58bacc0-4e84-4960-bd3c-a8f605367545,c1264dd0-d8e0-409c-a455-570ac5c3eaf7,286ea8a4-939a-49e5-bb79-671840b20a08,4,2023-11-14 11:18:30.175941,2024-08-10 11:18:30.175941,active,2023-11-14 11:18:30.175941
76376283-0dd2-40d0-b161-0f86bfbab19b,b559d42f-aec2-4e41-a64f-f5d68397e4ff,92b4096d-b2b6-455d-a78a-2a60b0015dad,4,2025-04-29 04:08:26.587482,,active,2025-04-29 04:08:26.587482
b4b494e5-3f96-4b31-99d6-9ab6166cb04d,b559d42f-aec2-4e41-a64f-f5d68397e4ff,ccad7082-1609-42b0-824f-dfdea2607313,4,2024-05-04 13:35:12.097693,2025-05-04 13:35:12.097693,past_due,2024-05-04 13:35:12.097693
6ee08f8d-4e7f-4f84-9c4c-c7b7423dabf5,2ed2e1c9-521c-4b72-8d0e-6c66302c58cf,100aea24-a8d5-4e3f-b938-e85c7a88af64,3,2024-04-20 11:13:26.026480,2024-10-17 11:13:26.026480,past_due,2024-04-20 11:13:26.026480
cf1392c2-9371-4559-93bd-192f8808d1f8,7922a9fa-daea-45db-be63-531047738906,d3673104-6cee-4cbb-a53b-6013dcbe9ae5,2,2024-04-20 20:57:06.674919,2025-04-20 20:57:06.674919,active,2024-04-20 20:57:06.674919
fa00d976-a51f-4d2f-8b61-d0f2f65e2aa7,b559d42f-aec2-4e41-a64f-f5d68397e4ff,48790060-5a93-430c-9834-f22fd40ff5b6,4,2023-11-09 18:17:23.930291,2024-11-08 18:17:23.930291,active,2023-11-09 18:17:23.930291
c1a7030e-999c-48d3-80ca-366962c68d6f,a3f235d0-3516-43df-b1fd-0a7984087b3b,d7be2a03-1805-492c-8b6e-62e2612cf139,5,2025-06-10 22:56:53.269206,2026-06-10 22:56:53.269206,active,2025-06-10 22:56:53.269206
0634b111-efe0-40b6-9bd9-08e6d5a0551f,9251a5f9-af7f-4c0b-9d8c-5dfe111e062c,51e73b3a-93a0-4865-8f22-5867065e5e3d,1,2024-04-02 21:02:08.411484,2024-07-01 21:02:08.411484,past_due,2024-04-02 21:02:08.411484
9852e843-9771-44f4-acb2-4198b60d2c97,bfd9d982-8dc9-46a9-9274-8f27d4078c33,28df02a8-d22f-4128-9be6-d063cfde274b,2,2024-01-20 22:23:57.139970,2024-09-16 22:23:57.139970,active,2024-01-20 22:23:57.139970
a71731a0-660d-48f5-96e2-534217af3df2,489c5de4-0338-4a26-9f1f-36ce2d848ce1,22d700c6-5eaf-4853-8b0b-60fc9cd103bd,3,2024-04-25 06:39:58.640701,2025-04-25 06:39:58.640701,past_due,2024-04-25 06:39:58.640701
d05cd8ae-6039-43c7-8970-27f79ba7de1e,1d40586c-0449-4f35-9a6c-8578ff7c4a62,1d5aa35e-9e8a-49ff-b50a-8e981ccc3a02,5,2025-02-21 17:29:53.435281,2026-02-21 17:29:53.435281,cancelled,2025-02-21 17:29:53.435281
5d270990-0d99-4905-a0c6-2e36bdc5ef65,f758d9c8-2066-4dc7-8870-73b33d45dacf,f1ee983a-ef38-4d79-b0f5-a5e60a80d929,1,2024-08-12 08:13:26.016131,2025-08-12 08:13:26.016131,active,2024-08-12 08:13:26.016131
58e28ceb-6efd-4109-9247-dba0aa7dee97,7922a9fa-daea-45db-be63-531047738906,b01e46a4-3996-445c-a7f7-6e513c3d94e2,2,2024-03-07 06:12:11.199174,2025-03-07 06:12:11.199174,active,2024-03-07 06:12:11.199174
021e9b6b-1073-4900-a2aa-59499026b866,0e114156-a9cb-461f-86b3-c498dfe36880,dc38bdbf-17c4-4b88-ae78-890508b4c203,3,2024-01-08 08:07:00.362533,2024-05-07 08:07:00.362533,active,2024-01-08 08:07:00.362533
329826b6-45bd-4ed5-a298-960e77064e0c,86ecfb68-bbcc-4914-9dc1-63c07877370e,c6e571a9-e3ee-4e80-acb2-71528ffb6831,4,2025-05-06 10:29:49.148581,,active,2025-05-06 10:29:49.148581
969c8376-6ac3-4e4e-aa4d-5a1c26c34062,0134048c-46fc-467d-af8a-002eacfcca2a,3d0aa707-3fe2-45cb-bb71-613d2bd9e482,1,2023-10-30 09:04:21.150779,2024-04-27 09:04:21.150779,cancelled,2023-10-30 09:04:21.150779
0506e1ca-90bf-49cb-8861-98f5b8cf4f5f,a3f235d0-3516-43df-b1fd-0a7984087b3b,d0625934-7a38-453d-a84d-21df3f256c32,5,2024-12-26 02:15:12.690292,,active,2024-12-26 02:15:12.690292
31e35593-11cd-47c8-be2c-27800930fca7,bfd9d982-8dc9-46a9-9274-8f27d4078c33,c293523d-a17c-4277-b53a-120e64a41b5c,2,2025-05-16 17:17:39.051553,,cancelled,2025-05-16 17:17:39.051553
5db2bf06-2de8-4353-9ee7-b7cfb14d4645,d3816ecb-0b75-4a7f-9314-e4b63474bfd6,79263a98-6b11-4708-a4f5-dd1743d31ff5,2,2024-08-12 13:26:05.311237,2025-05-09 13:26:05.311237,active,2024-08-12 13:26:05.311237
5b9ed7e5-be96-42ed-860f-fd7cc71a5cf3,f758d9c8-2066-4dc7-8870-73b33d45dacf,b104e455-0b13-4f14-8ddb-060433400851,1,2024-08-11 03:35:50.806792,2025-08-11 03:35:50.806792,active,2024-08-11 03:35:50.806792
b9b18c4c-5413-409c-ad83-4b0aa97ad769,2ed2e1c9-521c-4b72-8d0e-6c66302c58cf,13709160-f106-4594-96ae-ff688e988126,3,2025-09-27 08:41:49.342052,2026-06-24 08:41:49.342052,active,2025-09-27 08:41:49.342052
2f29bc7b-8b03-40e4-87d6-a16cc9246be5,c1264dd0-d8e0-409c-a455-570ac5c3eaf7,0e8ebd4b-97c7-4162-afa0-feaa808c367d,4,2025-09-29 22:59:12.846390,2025-12-28 22:59:12.846390,active,2025-09-29 22:59:12.846390
22056f80-6af8-4f90-ab2a-5ad145ae75c3,7922a9fa-daea-45db-be63-531047738906,4766eff1-1b1a-4c8d-b610-97b4bbcf146c,2,2025-02-16 07:54:25.355907,2026-02-16 07:54:25.355907,past_due,2025-02-16 07:54:25.355907
04dbd6c0-8f8b-4471-a01a-3f4078f13016,0173a8d9-eb7a-4d40-9a45-34d202be238c,14b9fa5d-b4a0-488f-80c1-bba947878520,3,2024-08-27 13:45:25.487386,2025-08-27 13:45:25.487386,active,2024-08-27 13:45:25.487386
0a503598-c3f7-47ff-b62f-7efd2518c78e,2d0b5a85-52ba-42d2-8c3c-36f76d0de770,68b3470e-904f-4b39-be36-434952373038,4,2025-08-31 13:46:09.486538,2026-02-27 13:46:09.486538,active,2025-08-31 13:46:09.486538
31a80862-1b78-4e17-bc05-389ac907a36a,f88f8168-5339-463b-8322-ac27382fd484,94f2132e-51ba-4894-928f-527abf0e84f7,2,2024-02-23 11:54:39.667296,2024-08-21 11:54:39.667296,active,2024-02-23 11:54:39.667296
83e67a8e-3c23-4517-bb03-1a0836f5cf9d,3589016b-15f9-48c8-87d6-b1357ebe7108,7214f98e-b5d5-4d98-ab86-32040e49112f,4,2025-04-05 16:12:19.596847,2026-04-05 16:12:19.596847,active,2025-04-05 16:12:19.596847
4c665037-ee8a-4726-9560-10b43454d42e,eb4ec4cd-ecb2-4972-a591-8b81cb3e8abd,8ffa149c-df06-45de-adc0-9802909d7a73,1,2025-04-18 13:50:17.268153,2025-07-17 13:50:17.268153,active,2025-04-18 13:50:17.268153
68a853c9-c019-4069-b803-6b5f573e7b9e,ae23de17-b775-46b1-9a84-af6cf71a4d38,cab6c17e-a46a-4f82-a6ab-0d430c5f145a,3,2025-04-29 16:39:37.251631,2025-12-25 16:39:37.251631,active,2025-04-29 16:39:37.251631
3498b476-2d05-41ea-bf2d-a6e6c39f470a,86ecfb68-bbcc-4914-9dc1-63c07877370e,7496551b-f9e0-4e0e-80a5-1b6856ef30f7,4,2024-03-12 02:11:40.958933,2025-01-06 02:11:40.958933,cancelled,2024-03-12 02:11:40.958933
99d51dbb-3f7e-4e5c-9120-ff3c47d6cbc5,f758d9c8-2066-4dc7-8870-73b33d45dacf,57d24489-dd79-432c-9b86-ff9af3d56c0c,1,2024-07-19 21:56:50.036760,2025-07-19 21:56:50.036760,cancelled,2024-07-19 21:56:50.036760
6282a92a-c71a-409b-bc06-0906c3ed2c0c,efad426a-6ed3-47d0-863b-8bee3c9d0443,1462eb45-bb94-43ad-bb4b-429923454274,5,2023-11-13 18:10:43.054139,2024-02-11 18:10:43.054139,active,2023-11-13 18:10:43.054139
6d57f4cf-aa37-42bc-860c-086998275e7e,2ed2e1c9-521c-4b72-8d0e-6c66302c58cf,ecaee6f0-7535-412c-b3fe-f1c7aac5709c,3,2024-07-21 01:24:24.029198,2025-01-17 01:24:24.029198,cancelled,2024-07-21 01:24:24.029198
a7a41bc7-508f-4748-bee2-93cd6cf24dc8,efad426a-6ed3-47d0-863b-8bee3c9d0443,3923e1da-0904-4b94-a8fd-ee7d483b1b8c,5,2025-04-18 23:36:13.047946,2026-01-13 23:36:13.047946,cancelled,2025-04-18 23:36:13.047946
bde2f989-bdc5-4ee1-96c1-90d86a7d7e1d,a3f235d0-3516-43df-b1fd-0a7984087b3b,425577ca-6021-492c-8905-d0d2294b8015,5,2024-01-12 10:27:25.405036,,cancelled,2024-01-12 10:27:25.405036
8dd639b9-ede6-41f5-a23c-8af80f973cb3,2ed2e1c9-521c-4b72-8d0e-6c66302c58cf,c067582f-dcd7-4ae0-8ddb-950cdc4c344c,3,2023-12-05 02:28:22.072480,2024-06-02 02:28:22.072480,active,2023-12-05 02:28:22.072480
d0a8f574-e12b-4d25-84d5-6946abf5fba3,bfd9d982-8dc9-46a9-9274-8f27d4078c33,68b3470e-904f-4b39-be36-434952373038,2,2025-03-30 02:22:08.841788,2025-10-26 02:22:08.841788,active,2025-03-30 02:22:08.841788
49c94471-428e-4d8d-8fe1-139e7d280ca5,63939eba-0d46-4b0f-84fb-db07cc9fa42a,29a928bb-013b-4a63-81b5-03c89a352319,1,2024-06-10 06:17:09.208460,2025-03-07 06:17:09.208460,active,2024-06-10 06:17:09.208460
25f8a22d-1cd3-4d5b-a8ac-410ebbd9e0d5,a3f235d0-3516-43df-b1fd-0a7984087b3b,57e30de2-c260-46a7-a7c5-0cbceaf2c320,5,2025-07-02 10:47:27.595138,2026-07-02 10:47:27.595138,active,2025-07-02 10:47:27.595138
711b53c3-423b-476c-9a7d-0b76fdf2ccbd,2ed2e1c9-521c-4b72-8d0e-6c66302c58cf,7dec7e2d-cbe7-47f4-a034-1dc6f125e5fb,3,2024-01-30 07:42:03.746558,2024-10-26 07:42:03.746558,active,2024-01-30 07:42:03.746558
09592a4b-ab66-4634-bebd-d80e7da4af1d,489c5de4-0338-4a26-9f1f-36ce2d848ce1,efa09d8e-37db-4fc1-8755-9a8dd19fccd2,3,2025-09-16 10:04:38.013097,2026-09-16 10:04:38.013097,active,2025-09-16 10:04:38.013097
6970393a-3ebc-42d6-9239-9d850d8e7da8,0173a8d9-eb7a-4d40-9a45-34d202be238c,9f8acdaa-47f2-4f97-9a51-7614708e0b5e,3,2024-08-05 22:07:56.898054,2025-08-05 22:07:56.898054,active,2024-08-05 22:07:56.898054
aca76b4f-3d3a-4814-a0fb-3955ae1a9623,f88f8168-5339-463b-8322-ac27382fd484,c349da7f-12ad-47d1-8db6-ad5af55014ed,2,2023-12-10 16:31:47.443000,2024-03-09 16:31:47.443000,active,2023-12-10 16:31:47.443000
040fc5e5-1336-4e45-bd1e-42d4a6dc237c,d3816ecb-0b75-4a7f-9314-e4b63474bfd6,d275d9d6-1ace-429c-a29c-ea832376ab88,2,2025-08-15 04:01:57.636561,,active,2025-08-15 04:01:57.636561
e17b3609-9208-4b3c-9be6-f40c9e9d868e,0134048c-46fc-467d-af8a-002eacfcca2a,b35f17e2-2e8c-4e53-a900-4631d7a34431,1,2024-11-02 18:44:19.290108,,active,2024-11-02 18:44:19.290108
35d319c1-1e16-4a8f-b15b-63811fe4d15f,9251a5f9-af7f-4c0b-9d8c-5dfe111e062c,611ffe37-1a45-4ad2-9349-292816cad0e7,1,2024-06-18 18:58:09.041232,2025-05-14 18:58:09.041232,active,2024-06-18 18:58:09.041232
5440838e-2df8-43ab-9a93-aba6a009721a,f758d9c8-2066-4dc7-8870-73b33d45dacf,51e73b3a-93a0-4865-8f22-5867065e5e3d,1,2024-04-11 18:55:09.891567,2025-04-11 18:55:09.891567,active,2024-04-11 18:55:09.891567
35731498-7ef7-4a52-a775-020e12e4cd37,eb4ec4cd-ecb2-4972-a591-8b81cb3e8abd,3d9cdd2d-6c54-4a5d-8523-44dbcfa5769f,1,2025-04-09 06:47:56.665244,,active,2025-04-09 06:47:56.665244
b4f82635-5290-4014-833b-ca5b06a954e0,0134048c-46fc-467d-af8a-002eacfcca2a,0bfb6e00-6d5d-44a4-85a9-47d8833b4f2e,1,2025-09-22 19:29:18.595628,2026-06-19 19:29:18.595628,active,2025-09-22 19:29:18.595628
15089cc8-ef55-4047-a77b-9928f23dfc97,0173a8d9-eb7a-4d40-9a45-34d202be238c,f01e104c-a9e0-4aae-aa41-1c9a94222a7f,3,2024-09-15 09:20:52.629783,2025-09-15 09:20:52.629783,past_due,2024-09-15 09:20:52.629783
d3e8ec21-3d3f-4ca2-8015-35e4b9639989,2d0b5a85-52ba-42d2-8c3c-36f76d0de770,0d43a61d-d775-4ccb-a4e6-3ec499b233b6,4,2025-08-17 13:56:42.179137,2026-05-14 13:56:42.179137,active,2025-08-17 13:56:42.179137
e7f12f34-f0c9-40e8-8c0c-247abd476214,eb4ec4cd-ecb2-4972-a591-8b81cb3e8abd,cec9f801-71b9-43b4-bbe3-93387d0174cf,1,2024-09-16 07:30:12.532142,,active,2024-09-16 07:30:12.532142
4f4eb474-7d22-4123-9cc5-ba93d028f98a,2ed2e1c9-521c-4b72-8d0e-6c66302c58cf,0e788c28-49ca-400b-bdd9-de6cb5b2c616,3,2025-08-07 03:50:45.880903,2025-11-05 03:50:45.880903,past_due,2025-08-07 03:50:45.880903
bd10a3f1-a3bc-42e4-b805-fcc050d4e0cf,b559d42f-aec2-4e41-a64f-f5d68397e4ff,46ca3c0d-97b8-40e0-80c4-dcd5b586fa5a,4,2025-06-16 22:04:12.028877,2026-06-16 22:04:12.028877,active,2025-06-16 22:04:12.028877
2de7f375-0f1d-4120-a922-fda1907f149a,f88f8168-5339-463b-8322-ac27382fd484,0e788c28-49ca-400b-bdd9-de6cb5b2c616,2,2025-09-29 15:54:57.224427,,cancelled,2025-09-29 15:54:57.224427
fb87db92-be2f-44f2-a038-2f3bc43f1536,ae23de17-b775-46b1-9a84-af6cf71a4d38,fe39de74-996a-4388-8414-58a54d132b92,3,2025-09-17 20:28:07.695389,2026-01-15 20:28:07.695389,active,2025-09-17 20:28:07.695389
3a2f8f78-80b2-44b5-80f4-7663739fe1d0,9251a5f9-af7f-4c0b-9d8c-5dfe111e062c,e5efe6ef-082b-47fc-8575-32f3e68f184d,1,2025-09-26 07:23:26.492054,2025-11-25 07:23:26.492054,active,2025-09-26 07:23:26.492054
9dac8d6c-7c44-4e33-a006-fa3a8dd31a46,63939eba-0d46-4b0f-84fb-db07cc9fa42a,56ead890-276b-4027-95ea-6a054ca92caa,1,2024-07-03 03:04:19.867357,2025-03-30 03:04:19.867357,active,2024-07-03 03:04:19.867357
7f1f5034-1fe4-4b50-ac88-b510a270f7a2,5a940b66-2c3a-48be-96b5-952b4ad384aa,54e75cac-2607-489f-b21c-b12e0065a51c,5,2024-12-05 19:32:38.196562,2025-06-03 19:32:38.196562,active,2024-12-05 19:32:38.196562
5cefdb05-5074-46b2-a190-a9e66a993e35,d3816ecb-0b75-4a7f-9314-e4b63474bfd6,b01e46a4-3996-445c-a7f7-6e513c3d94e2,2,2025-01-21 15:11:52.453733,2025-10-18 15:11:52.453733,active,2025-01-21 15:11:52.453733
45e738c0-2ae0-4283-8533-e03f4dcb217b,fd369adf-b0ec-40b3-a62e-0ed0f76a563b,fbaf05f4-0c3a-48e3-9f28-1cef844dcbed,5,2024-09-16 22:08:19.926229,2025-09-16 22:08:19.926229,active,2024-09-16 22:08:19.926229
e37bb137-1f62-4643-83d6-28c5a0d34856,2d0b5a85-52ba-42d2-8c3c-36f76d0de770,48790060-5a93-430c-9834-f22fd40ff5b6,4,2025-02-09 20:23:05.931154,,cancelled,2025-02-09 20:23:05.931154
ce549dcc-ffa1-42af-b581-f9d776d0e69f,1d40586c-0449-4f35-9a6c-8578ff7c4a62,680adf70-65b0-4469-b70f-8bcd780fa2bc,5,2024-12-09 04:34:37.240468,2025-12-09 04:34:37.240468,active,2024-12-09 04:34:37.240468
4d7fd2a6-7c52-4ebc-b61b-ea3baa73549f,0e114156-a9cb-461f-86b3-c498dfe36880,6d9e0720-3a81-4970-aab7-ae4841875f8b,3,2023-12-24 10:39:29.423512,2024-11-18 10:39:29.423512,active,2023-12-24 10:39:29.423512
9538f484-d5bf-49be-8f17-00539f01fd4a,0173a8d9-eb7a-4d40-9a45-34d202be238c,9ce3d099-4392-4c61-863f-2ed32b3e77b9,3,2025-07-07 16:34:23.717873,2026-07-07 16:34:23.717873,active,2025-07-07 16:34:23.717873
093369a3-9764-4e44-8afd-46bf6029c1b8,2d0b5a85-52ba-42d2-8c3c-36f76d0de770,7aa5a75b-3623-4bfd-aba9-b14802acd241,4,2025-04-21 15:07:37.356782,2025-10-18 15:07:37.356782,active,2025-04-21 15:07:37.356782
c13948e5-9fb6-489f-9712-986531e32bca,5a940b66-2c3a-48be-96b5-952b4ad384aa,7eaf795d-5495-40a1-8dcf-e09e47141fce,5,2025-08-12 14:25:30.003567,,cancelled,2025-08-12 14:25:30.003567
8a202a01-c5a5-4994-8cd1-935762f7a9d6,b559d42f-aec2-4e41-a64f-f5d68397e4ff,e77c4899-6fd1-428d-8c24-9073d08cb019,4,2025-02-21 11:53:14.266188,2026-02-21 11:53:14.266188,cancelled,2025-02-21 11:53:14.266188
32ec0ea7-0097-4b21-bdbe-22bbd9f049d5,86ecfb68-bbcc-4914-9dc1-63c07877370e,dcea2aa6-88cf-4580-8a08-96b5d2a5d22e,4,2025-03-01 14:06:14.843997,2025-07-29 14:06:14.843997,cancelled,2025-03-01 14:06:14.843997
e7f0917c-9019-4e5a-9cdb-6987199a3792,b559d42f-aec2-4e41-a64f-f5d68397e4ff,43dd9f08-6d19-4a0d-ba4b-55948fe16c1b,4,2024-02-22 19:52:10.792537,2025-02-21 19:52:10.792537,active,2024-02-22 19:52:10.792537
33191842-ee2d-4364-9167-d82de5ca1c05,63939eba-0d46-4b0f-84fb-db07cc9fa42a,4766eff1-1b1a-4c8d-b610-97b4bbcf146c,1,2023-10-13 02:31:04.248588,,cancelled,2023-10-13 02:31:04.248588
bd32fc1e-dd4c-498f-86c9-fa1150a18676,3589016b-15f9-48c8-87d6-b1357ebe7108,fbc09620-c492-4dd3-90b7-e5cc030426fe,4,2023-12-18 02:06:01.911197,2024-12-17 02:06:01.911197,active,2023-12-18 02:06:01.911197
5ea719e7-f219-4fff-87bf-090de08585df,5a940b66-2c3a-48be-96b5-952b4ad384aa,5c487013-e3d3-4fa8-a079-a06d0d3e5c43,5,2025-01-10 07:26:00.628762,2025-04-10 07:26:00.628762,active,2025-01-10 07:26:00.628762
0911b4f1-136d-4664-8424-e52266d599c4,b559d42f-aec2-4e41-a64f-f5d68397e4ff,987ee357-3a64-4a56-9114-17176e2341a9,4,2024-05-16 19:02:18.088889,2025-05-16 19:02:18.088889,active,2024-05-16 19:02:18.088889
5afc6778-d770-4d7c-ac15-17606a4fe530,c1264dd0-d8e0-409c-a455-570ac5c3eaf7,9ce3d099-4392-4c61-863f-2ed32b3e77b9,4,2025-07-23 13:57:05.164859,,active,2025-07-23 13:57:05.164859
38c4ab5a-def1-4ff2-abfb-1fdcaa03ea2b,c1264dd0-d8e0-409c-a455-570ac5c3eaf7,8146b10a-3373-457e-bc64-cf7c5f7ac6c1,4,2025-07-13 15:46:13.676170,2026-04-09 15:46:13.676170,active,2025-07-13 15:46:13.676170
5f9bf2fe-2906-4240-b402-f13c0692581d,0173a8d9-eb7a-4d40-9a45-34d202be238c,68b3470e-904f-4b39-be36-434952373038,3,2024-02-28 07:49:20.488992,2025-02-27 07:49:20.488992,active,2024-02-28 07:49:20.488992
2fcee0e9-0381-408d-b0f7-853955a46ea1,0173a8d9-eb7a-4d40-9a45-34d202be238c,51e73b3a-93a0-4865-8f22-5867065e5e3d,3,2024-01-17 10:31:48.142609,2025-01-16 10:31:48.142609,active,2024-01-17 10:31:48.142609
bd5a545a-f469-4af6-8a83-354bb947b53d,a3f235d0-3516-43df-b1fd-0a7984087b3b,0b550b7e-416b-4370-8126-b9220c0429e5,5,2024-07-03 22:07:56.363168,2025-07-03 22:07:56.363168,active,2024-07-03 22:07:56.363168
54161d2f-d709-4b8a-bf4e-689a9d17ca8e,f88f8168-5339-463b-8322-ac27382fd484,e5efe6ef-082b-47fc-8575-32f3e68f184d,2,2023-12-25 02:53:38.869687,2024-09-20 02:53:38.869687,past_due,2023-12-25 02:53:38.869687
b1e2491e-8a67-471f-a4be-6b72eb4b2ef1,0173a8d9-eb7a-4d40-9a45-34d202be238c,cab6c17e-a46a-4f82-a6ab-0d430c5f145a,3,2025-03-01 08:06:32.222684,2026-03-01 08:06:32.222684,active,2025-03-01 08:06:32.222684
0038e6eb-f864-4859-8223-0794e7dc94c5,0134048c-46fc-467d-af8a-002eacfcca2a,4b5e06d6-ce55-4229-8af7-8c1d3ade1878,1,2025-08-27 20:47:36.503424,2026-02-23 20:47:36.503424,active,2025-08-27 20:47:36.503424
427f9df7-f507-4498-ab3b-cec919d73930,86ecfb68-bbcc-4914-9dc1-63c07877370e,b8755ea2-2f26-4abe-819d-415f4cd560a4,4,2023-10-16 21:52:21.385412,2024-08-11 21:52:21.385412,active,2023-10-16 21:52:21.385412
a1c7c72c-4488-4da7-a983-6bacc0b6c886,7922a9fa-daea-45db-be63-531047738906,0ec0a908-b86b-41f5-88f5-0d0c2fd5bbfd,2,2024-02-15 22:16:53.459120,2025-02-14 22:16:53.459120,active,2024-02-15 22:16:53.459120
ed634610-b456-46be-8179-22cc82a6230e,f88f8168-5339-463b-8322-ac27382fd484,79263a98-6b11-4708-a4f5-dd1743d31ff5,2,2025-03-03 14:46:04.193374,2025-11-28 14:46:04.193374,past_due,2025-03-03 14:46:04.193374
b70121d2-3b97-490c-b192-28149422dc61,7922a9fa-daea-45db-be63-531047738906,cab6c17e-a46a-4f82-a6ab-0d430c5f145a,2,2024-09-27 21:22:24.914824,2025-09-27 21:22:24.914824,past_due,2024-09-27 21:22:24.914824
ab7b5e06-fe8c-497e-a2f6-03b274a18d3c,3589016b-15f9-48c8-87d6-b1357ebe7108,d0625934-7a38-453d-a84d-21df3f256c32,4,2025-02-21 22:40:30.500852,,active,2025-02-21 22:40:30.500852
1e959a4d-fb23-4b3c-a62e-0e7de8b5935f,bfd9d982-8dc9-46a9-9274-8f27d4078c33,dc38bdbf-17c4-4b88-ae78-890508b4c203,2,2024-01-17 13:36:44.195435,2024-05-16 13:36:44.195435,active,2024-01-17 13:36:44.195435
2cc4ea34-32a1-4ce3-aa43-8397d1219aff,efad426a-6ed3-47d0-863b-8bee3c9d0443,6faad6c3-0698-49af-923d-b4c076b66e67,5,2025-01-23 15:20:19.254845,2025-06-22 15:20:19.254845,active,2025-01-23 15:20:19.254845
c106594c-78c9-42f5-8770-3abae6a8a053,eb4ec4cd-ecb2-4972-a591-8b81cb3e8abd,4766eff1-1b1a-4c8d-b610-97b4bbcf146c,1,2025-01-09 14:21:37.264542,2025-11-05 14:21:37.264542,cancelled,2025-01-09 14:21:37.264542
4c35256c-d14a-4730-b1f0-fb49fdd44f59,9251a5f9-af7f-4c0b-9d8c-5dfe111e062c,c349da7f-12ad-47d1-8db6-ad5af55014ed,1,2023-11-09 21:14:10.344959,2024-08-05 21:14:10.344959,active,2023-11-09 21:14:10.344959
b188aecf-9be0-4481-bd80-cea594dc25b7,fa3042f0-3373-4148-8e74-ba00aeb9d6ad,a5588246-3a64-410e-b2e4-a66b6a81e580,2,2025-10-06 14:54:48.706641,,past_due,2025-10-06 14:54:48.706641
269a1f9c-0054-4527-870f-d839a42a6671,eb4ec4cd-ecb2-4972-a591-8b81cb3e8abd,f7ab8002-4e5b-4bd8-9b16-2dade26257eb,1,2024-04-23 03:18:31.709335,2024-07-22 03:18:31.709335,active,2024-04-23 03:18:31.709335
d6a219ca-66e4-4502-9f8f-5b043a2c8459,0134048c-46fc-467d-af8a-002eacfcca2a,c9215d4b-e127-4d38-85c4-0d7903431b9c,1,2024-05-30 03:40:05.009066,2024-08-28 03:40:05.009066,active,2024-05-30 03:40:05.009066
9f716e60-0629-46f4-aba1-e9baf579be25,7922a9fa-daea-45db-be63-531047738906,62a349ae-2171-491f-8460-e82d006494cd,2,2025-07-13 16:40:59.664583,,active,2025-07-13 16:40:59.664583
c02313dc-4acf-409a-9f90-e9c906f0ed32,2d0b5a85-52ba-42d2-8c3c-36f76d0de770,90134f41-186d-4963-97e8-3488ecb34c7f,4,2024-05-26 14:42:00.056878,2024-08-24 14:42:00.056878,past_due,2024-05-26 14:42:00.056878
25e57127-2602-48fd-adda-86e75feeebef,3589016b-15f9-48c8-87d6-b1357ebe7108,ab9049b8-8a09-446f-bfa7-56f844d0447c,4,2023-10-31 03:37:40.101405,2024-10-30 03:37:40.101405,active,2023-10-31 03:37:40.101405
9ee219cd-a95e-49e9-af98-149b4353aca3,489c5de4-0338-4a26-9f1f-36ce2d848ce1,4766eff1-1b1a-4c8d-b610-97b4bbcf146c,3,2024-03-27 18:37:35.534276,2025-03-27 18:37:35.534276,active,2024-03-27 18:37:35.534276
d38ae212-9248-446c-81a8-0f68c23de098,b559d42f-aec2-4e41-a64f-f5d68397e4ff,90134f41-186d-4963-97e8-3488ecb34c7f,4,2024-03-04 21:43:44.758800,2025-03-04 21:43:44.758800,active,2024-03-04 21:43:44.758800
9b81f301-6fa1-4717-837a-45e3f154e9bc,eb4ec4cd-ecb2-4972-a591-8b81cb3e8abd,a9045726-e458-46a9-8db5-ba25f169cf87,1,2025-02-18 01:17:45.769990,2025-04-19 01:17:45.769990,active,2025-02-18 01:17:45.769990
237aa8be-d000-403b-9ef1-5c0e08dfe5f8,2d0b5a85-52ba-42d2-8c3c-36f76d0de770,0ec0a908-b86b-41f5-88f5-0d0c2fd5bbfd,4,2023-12-24 06:16:48.219982,2024-06-21 06:16:48.219982,active,2023-12-24 06:16:48.219982
a34cdffe-e406-4239-8283-23ec0366ae58,63939eba-0d46-4b0f-84fb-db07cc9fa42a,1a86131c-42cc-450e-b9fd-e418fd08e522,1,2023-12-25 17:13:58.441579,2024-09-20 17:13:58.441579,cancelled,2023-12-25 17:13:58.441579
ccaea47b-bb28-49b0-9127-75f79ef31143,efad426a-6ed3-47d0-863b-8bee3c9d0443,d68bd465-3d5a-4015-8208-14238d16ab84,5,2025-02-02 19:00:18.192950,2025-12-29 19:00:18.192950,cancelled,2025-02-02 19:00:18.192950
704f366f-3616-4545-923f-41f52afc5902,d3816ecb-0b75-4a7f-9314-e4b63474bfd6,1a86131c-42cc-450e-b9fd-e418fd08e522,2,2024-05-20 00:27:29.259700,2025-02-14 00:27:29.259700,cancelled,2024-05-20 00:27:29.259700
975f73b5-95b3-40df-9869-8101b780afdd,2ed2e1c9-521c-4b72-8d0e-6c66302c58cf,0888a1fe-b160-42d7-aef0-a63374c5cd57,3,2024-07-27 04:00:34.423572,2025-04-23 04:00:34.423572,active,2024-07-27 04:00:34.423572
2756741c-3477-4eda-adf5-db523b1c4acb,0134048c-46fc-467d-af8a-002eacfcca2a,7214f98e-b5d5-4d98-ab86-32040e49112f,1,2023-12-04 07:04:46.853030,,cancelled,2023-12-04 07:04:46.853030
b4641a29-5bac-4813-ac66-ea3eff9f6c92,d3816ecb-0b75-4a7f-9314-e4b63474bfd6,ccad7082-1609-42b0-824f-dfdea2607313,2,2025-01-31 12:19:03.880366,2025-10-28 12:19:03.880366,cancelled,2025-01-31 12:19:03.880366
36c8c3c1-42bd-4f75-805f-7dcf8ff4141e,c1264dd0-d8e0-409c-a455-570ac5c3eaf7,0ec0a908-b86b-41f5-88f5-0d0c2fd5bbfd,4,2024-08-18 13:02:31.815117,,active,2024-08-18 13:02:31.815117
9842c6ac-f871-4b9b-ad1b-87626c8b29b6,ae23de17-b775-46b1-9a84-af6cf71a4d38,7e2c37d3-ea80-42c4-868d-666a0857ed70,3,2025-09-21 23:54:22.323069,2026-02-18 23:54:22.323069,active,2025-09-21 23:54:22.323069
07454e7a-dee0-4fd8-8b6b-2632969ec2d8,2ed2e1c9-521c-4b72-8d0e-6c66302c58cf,b9db1b8a-2696-464a-9c9e-b52acc3ce8d8,3,2025-05-29 17:12:50.744278,2025-08-27 17:12:50.744278,active,2025-05-29 17:12:50.744278
