event_id,subscription_id,plan_id,user_id,event_type,event_timestamp,amount,currency
85a17d8f-0eb5-4501-9d54-bf666c7dc5a3,2cf017ad-f787-41f4-91eb-4da841b92aa6,4f6cc21b-d426-444d-afd5-233cef230070,52a80fb1-4d34-4d58-8d2b-f9438dbd856c,subscription_created,2024-01-16 19:10:24.272112,228.23,GBP
de4815ff-53ef-407d-a6cb-f3f72a13f545,2cf017ad-f787-41f4-91eb-4da841b92aa6,4f6cc21b-d426-444d-afd5-233cef230070,52a80fb1-4d34-4d58-8d2b-f9438dbd856c,renewal_failed,2024-04-15 19:10:24.272112,0.0,GBP
564db0c6-f136-4085-93ee-736aa52d01b8,2cf017ad-f787-41f4-91eb-4da841b92aa6,4f6cc21b-d426-444d-afd5-233cef230070,52a80fb1-4d34-4d58-8d2b-f9438dbd856c,subscription_cancelled,2024-04-22 19:10:24.272112,0.0,GBP
9f4d0755-1157-4fd3-b4e4-08fcd1a2fd88,40987a36-0d07-4eb0-86a1-8a00726a2dca,c708760f-9a82-43c4-8c43-e7eb1fb93880,183f99ae-cf4e-4bc3-a3f7-1cb907d56ad8,subscription_created,2024-12-17 02:53:32.020438,708.4,USD
aef2ec2d-30de-452e-93bb-ce13769a18a0,0c202561-bf07-4925-a6fe-ec51bd4bce55,081ca33d-e842-4927-8df5-3faf06c80418,c734093a-36f7-4856-b584-e77efa841474,subscription_created,2025-05-21 18:15:43.798885,45.06,GBP
7b51d301-817c-4955-86c5-652f67ec3eef,0c202561-bf07-4925-a6fe-ec51bd4bce55,081ca33d-e842-4927-8df5-3faf06c80418,c734093a-36f7-4856-b584-e77efa841474,renewal_successful,2025-06-20 18:15:43.798885,45.06,GBP
85dbb693-cc37-4714-af42-6f7c70a600af,0c202561-bf07-4925-a6fe-ec51bd4bce55,081ca33d-e842-4927-8df5-3faf06c80418,c734093a-36f7-4856-b584-e77efa841474,renewal_successful,2025-07-20 18:15:43.798885,45.06,GBP
9c11da2c-8069-46bf-a72d-fe95d90b02d4,0c202561-bf07-4925-a6fe-ec51bd4bce55,081ca33d-e842-4927-8df5-3faf06c80418,c734093a-36f7-4856-b584-e77efa841474,renewal_successful,2025-08-19 18:15:43.798885,45.06,GBP
8e80f62d-4920-4487-a0d9-4cdef4affd70,0c202561-bf07-4925-a6fe-ec51bd4bce55,081ca33d-e842-4927-8df5-3faf06c80418,c734093a-36f7-4856-b584-e77efa841474,renewal_successful,2025-09-18 18:15:43.798885,45.06,GBP
8b2417c3-9a7d-44d2-8ffa-cdec3f268238,63cad80a-c9c5-4587-b065-9a7af8d8f04a,dab1f810-c35d-41fe-8ae5-16d5c3f122a3,c85fdd1b-c269-48c1-86cb-9c26fca095d2,subscription_created,2024-07-23 20:20:55.764118,874.71,MXN
138db9e3-6a6a-4731-bd1c-2ac21fa79cb8,63cad80a-c9c5-4587-b065-9a7af8d8f04a,dab1f810-c35d-41fe-8ae5-16d5c3f122a3,c85fdd1b-c269-48c1-86cb-9c26fca095d2,renewal_successful,2025-07-23 20:20:55.764118,874.71,MXN
2c37717e-4841-440e-82a1-8e5982ccb9e4,40aa7c4a-13ca-449d-aa50-ada698e291d9,c2f0cdde-09f5-42b0-8300-b6bd09e92d24,35ef5590-4410-42d6-ba3b-2a0f9ceebe8f,subscription_created,2024-08-10 15:03:22.423680,180.02,EUR
48f55c5f-6436-4c4d-9e82-1c1420f30ea7,40aa7c4a-13ca-449d-aa50-ada698e291d9,c2f0cdde-09f5-42b0-8300-b6bd09e92d24,35ef5590-4410-42d6-ba3b-2a0f9ceebe8f,renewal_successful,2024-11-08 15:03:22.423680,180.02,EUR
0f19bc62-4b4f-45d8-808e-53683dbfc776,40aa7c4a-13ca-449d-aa50-ada698e291d9,c2f0cdde-09f5-42b0-8300-b6bd09e92d24,35ef5590-4410-42d6-ba3b-2a0f9ceebe8f,renewal_successful,2025-02-06 15:03:22.423680,180.02,EUR
e35b7a23-ae0f-4750-bf72-d82cfa8607a7,40aa7c4a-13ca-449d-aa50-ada698e291d9,c2f0cdde-09f5-42b0-8300-b6bd09e92d24,35ef5590-4410-42d6-ba3b-2a0f9ceebe8f,renewal_successful,2025-05-07 15:03:22.423680,180.02,EUR
a0ba766e-3006-4dff-8724-5d42d7f72f2a,40aa7c4a-13ca-449d-aa50-ada698e291d9,c2f0cdde-09f5-42b0-8300-b6bd09e92d24,35ef5590-4410-42d6-ba3b-2a0f9ceebe8f,renewal_successful,2025-08-05 15:03:22.423680,180.02,EUR
2a918bdc-0eeb-4af4-84af-2a43cd970346,8109adaa-5273-4c31-8ca1-22d6d2a9b42c,d64210cf-69ba-43a8-915a-cc58ce1f2bfe,35ef5590-4410-42d6-ba3b-2a0f9ceebe8f,subscription_created,2025-03-29 10:00:54.418416,35.71,EUR
e6c317e3-1f2e-48e2-8177-6178da9fc37c,8109adaa-5273-4c31-8ca1-22d6d2a9b42c,d64210cf-69ba-43a8-915a-cc58ce1f2bfe,35ef5590-4410-42d6-ba3b-2a0f9ceebe8f,renewal_successful,2025-04-28 10:00:54.418416,35.71,EUR
f0ccc58d-1843-4cba-b029-16182cacd6b2,8109adaa-5273-4c31-8ca1-22d6d2a9b42c,d64210cf-69ba-43a8-915a-cc58ce1f2bfe,35ef5590-4410-42d6-ba3b-2a0f9ceebe8f,renewal_successful,2025-05-28 10:00:54.418416,35.71,EUR
7b317df0-b72f-498f-819e-7d2da5dc747b,8109adaa-5273-4c31-8ca1-22d6d2a9b42c,d64210cf-69ba-43a8-915a-cc58ce1f2bfe,35ef5590-4410-42d6-ba3b-2a0f9ceebe8f,renewal_successful,2025-06-27 10:00:54.418416,35.71,EUR
1d55150e-3629-4f2a-acc1-d2933b0c1cb8,8109adaa-5273-4c31-8ca1-22d6d2a9b42c,d64210cf-69ba-43a8-915a-cc58ce1f2bfe,35ef5590-4410-42d6-ba3b-2a0f9ceebe8f,renewal_failed,2025-07-27 10:00:54.418416,0.0,EUR
8877e16c-b523-42c3-abd9-95ee29b61120,8109adaa-5273-4c31-8ca1-22d6d2a9b42c,d64210cf-69ba-43a8-915a-cc58ce1f2bfe,35ef5590-4410-42d6-ba3b-2a0f9ceebe8f,renewal_successful,2025-08-26 10:00:54.418416,35.71,EUR
42468df6-f4df-407e-9fe1-daa3dbda8dae,8109adaa-5273-4c31-8ca1-22d6d2a9b42c,d64210cf-69ba-43a8-915a-cc58ce1f2bfe,35ef5590-4410-42d6-ba3b-2a0f9ceebe8f,renewal_failed,2025-09-25 10:00:54.418416,0.0,EUR
865a852e-1ec7-460f-addf-d462af673b85,40cb3a9d-3b2f-42ce-9385-055e577e201c,c3d04727-fdbb-4a43-b126-b56e197d1282,1734d04b-39d8-40ab-8c6d-5720bd0390ed,subscription_created,2025-03-19 18:12:08.959155,98.43,EUR
46139c2c-2c58-4580-bcf5-26c35ca28895,40cb3a9d-3b2f-42ce-9385-055e577e201c,c3d04727-fdbb-4a43-b126-b56e197d1282,1734d04b-39d8-40ab-8c6d-5720bd0390ed,renewal_successful,2025-04-18 18:12:08.959155,98.43,EUR
0f25f259-54a4-4095-b8e1-4c887736a3b0,40cb3a9d-3b2f-42ce-9385-055e577e201c,c3d04727-fdbb-4a43-b126-b56e197d1282,1734d04b-39d8-40ab-8c6d-5720bd0390ed,renewal_failed,2025-05-18 18:12:08.959155,0.0,EUR
a4596ac2-ed3e-427a-8d21-a81be6a87e8f,40cb3a9d-3b2f-42ce-9385-055e577e201c,c3d04727-fdbb-4a43-b126-b56e197d1282,1734d04b-39d8-40ab-8c6d-5720bd0390ed,subscription_cancelled,2025-05-25 18:12:08.959155,0.0,EUR
637391f7-539f-4696-982c-c9d791f9e936,ec5c9bec-1bc0-4ed1-9785-6c6b53a51d61,c2f0cdde-09f5-42b0-8300-b6bd09e92d24,d9c8ea35-fc8c-44bd-b8c9-64406890f5ba,subscription_created,2025-06-20 00:38:49.842477,180.02,EUR
acf80b78-5559-430c-8ddb-adc99bf29aed,ec5c9bec-1bc0-4ed1-9785-6c6b53a51d61,c2f0cdde-09f5-42b0-8300-b6bd09e92d24,d9c8ea35-fc8c-44bd-b8c9-64406890f5ba,renewal_successful,2025-09-18 00:38:49.842477,180.02,EUR
bb562e8d-2a38-4d7c-a5cf-73c4c702b94d,a55fc961-132d-4579-9647-4852d36c3739,407d357a-2a55-4e77-8d4a-138ef21d3e06,03439e45-818b-4a7c-8e04-baa3f6f128f9,subscription_created,2024-05-29 17:46:46.109421,26.48,USD
93c91a5c-8887-4690-b0a0-a8acfc392c87,a55fc961-132d-4579-9647-4852d36c3739,407d357a-2a55-4e77-8d4a-138ef21d3e06,03439e45-818b-4a7c-8e04-baa3f6f128f9,renewal_successful,2024-06-28 17:46:46.109421,26.48,USD
b19ac85c-5e8c-4e3c-9c90-cf998d66c599,a55fc961-132d-4579-9647-4852d36c3739,407d357a-2a55-4e77-8d4a-138ef21d3e06,03439e45-818b-4a7c-8e04-baa3f6f128f9,renewal_successful,2024-07-28 17:46:46.109421,26.48,USD
4e766274-9222-43ae-8653-92a5f7365c43,a55fc961-132d-4579-9647-4852d36c3739,407d357a-2a55-4e77-8d4a-138ef21d3e06,03439e45-818b-4a7c-8e04-baa3f6f128f9,renewal_failed,2024-08-27 17:46:46.109421,0.0,USD
9be0be3c-63f5-40ce-8c59-d4b1a713097d,a55fc961-132d-4579-9647-4852d36c3739,407d357a-2a55-4e77-8d4a-138ef21d3e06,03439e45-818b-4a7c-8e04-baa3f6f128f9,subscription_cancelled,2024-09-03 17:46:46.109421,0.0,USD
54190560-6d41-4758-a96e-8f5b2974c81c,4bd2a1ff-55f7-4064-b021-6af4d2a033b6,fd043144-4c25-4215-82a0-30c323f1982d,c6a2c2b3-41d1-442d-87ef-6fc8eed892b3,subscription_created,2023-11-07 14:56:27.629169,138.78,EUR
bd605ad6-b0b4-4dc9-be66-466fd8fce88e,4bd2a1ff-55f7-4064-b021-6af4d2a033b6,fd043144-4c25-4215-82a0-30c323f1982d,c6a2c2b3-41d1-442d-87ef-6fc8eed892b3,renewal_failed,2024-02-05 14:56:27.629169,0.0,EUR
c9d40fc3-d429-42c0-9120-b979cbd7d7f2,4bd2a1ff-55f7-4064-b021-6af4d2a033b6,fd043144-4c25-4215-82a0-30c323f1982d,c6a2c2b3-41d1-442d-87ef-6fc8eed892b3,renewal_successful,2024-05-05 14:56:27.629169,138.78,EUR
39af0d99-22eb-43be-8680-643f43cc4452,4bd2a1ff-55f7-4064-b021-6af4d2a033b6,fd043144-4c25-4215-82a0-30c323f1982d,c6a2c2b3-41d1-442d-87ef-6fc8eed892b3,renewal_successful,2024-08-03 14:56:27.629169,138.78,EUR
7ffd92e4-2168-4225-b6e7-0e975d7d0cad,4bd2a1ff-55f7-4064-b021-6af4d2a033b6,fd043144-4c25-4215-82a0-30c323f1982d,c6a2c2b3-41d1-442d-87ef-6fc8eed892b3,renewal_successful,2024-11-01 14:56:27.629169,138.78,EUR
e02d02a3-dbf7-4b3e-8ae7-e0777c95eef6,4bd2a1ff-55f7-4064-b021-6af4d2a033b6,fd043144-4c25-4215-82a0-30c323f1982d,c6a2c2b3-41d1-442d-87ef-6fc8eed892b3,renewal_successful,2025-01-30 14:56:27.629169,138.78,EUR
9ad71bbc-f586-4e0e-a074-b54f2d0e50a2,4bd2a1ff-55f7-4064-b021-6af4d2a033b6,fd043144-4c25-4215-82a0-30c323f1982d,c6a2c2b3-41d1-442d-87ef-6fc8eed892b3,renewal_successful,2025-04-30 14:56:27.629169,138.78,EUR
6fd716a8-aa6f-4aca-b026-cfd885428d7f,4bd2a1ff-55f7-4064-b021-6af4d2a033b6,fd043144-4c25-4215-82a0-30c323f1982d,c6a2c2b3-41d1-442d-87ef-6fc8eed892b3,renewal_successful,2025-07-29 14:56:27.629169,138.78,EUR
9b184b39-5ed9-4ae3-9248-cb188e7e3638,22401dd6-e7b0-4d00-bb58-10d270afe597,74fbcb5f-94c1-4702-ae74-d4d72ee638b8,936a2efa-6abf-42e4-906f-eb6b116ad6fb,subscription_created,2025-05-18 10:27:34.240341,61.82,EUR
ebf42e49-557f-4c3b-9bb2-894f86fec55a,22401dd6-e7b0-4d00-bb58-10d270afe597,74fbcb5f-94c1-4702-ae74-d4d72ee638b8,936a2efa-6abf-42e4-906f-eb6b116ad6fb,renewal_successful,2025-08-16 10:27:34.240341,61.82,EUR
c9422d52-7c7f-4ff1-8c66-0f9f1c1597a2,f506c291-c270-4d44-8159-f1cc43863243,c708760f-9a82-43c4-8c43-e7eb1fb93880,72244664-b484-4ce1-811b-d7aa8d85f182,subscription_created,2024-09-21 04:36:27.947525,708.4,USD
b8e1bafd-fd42-4a4c-be0d-51c0fbe4ed3a,f506c291-c270-4d44-8159-f1cc43863243,c708760f-9a82-43c4-8c43-e7eb1fb93880,72244664-b484-4ce1-811b-d7aa8d85f182,renewal_successful,2025-09-21 04:36:27.947525,708.4,USD
da04da3a-9ab9-4a24-b04e-1fb6fba7ca31,f54c4592-c05d-4f5a-9664-e81e4c224f01,c3d04727-fdbb-4a43-b126-b56e197d1282,aa00d7e3-e6a7-4bd5-9064-af89c59c673c,subscription_created,2025-06-26 12:44:44.541329,98.43,EUR
1cd06585-3a0d-4bd6-ab62-00f5e24e36ba,f54c4592-c05d-4f5a-9664-e81e4c224f01,c3d04727-fdbb-4a43-b126-b56e197d1282,aa00d7e3-e6a7-4bd5-9064-af89c59c673c,renewal_successful,2025-07-26 12:44:44.541329,98.43,EUR
a77f4251-d135-4980-a51a-8e51600e03f5,f54c4592-c05d-4f5a-9664-e81e4c224f01,c3d04727-fdbb-4a43-b126-b56e197d1282,aa00d7e3-e6a7-4bd5-9064-af89c59c673c,renewal_successful,2025-08-25 12:44:44.541329,98.43,EUR
2a2ad00e-f97f-4681-b866-181c6b764ce0,f54c4592-c05d-4f5a-9664-e81e4c224f01,c3d04727-fdbb-4a43-b126-b56e197d1282,aa00d7e3-e6a7-4bd5-9064-af89c59c673c,renewal_failed,2025-09-24 12:44:44.541329,0.0,EUR
fea6d517-a72e-4d55-b634-bfe9f8c47dec,f54c4592-c05d-4f5a-9664-e81e4c224f01,c3d04727-fdbb-4a43-b126-b56e197d1282,aa00d7e3-e6a7-4bd5-9064-af89c59c673c,subscription_cancelled,2025-10-01 12:44:44.541329,0.0,EUR
4173dbf5-d9ff-450f-b534-224a4c32a843,8807542a-3d8b-47ad-bb47-28970c025b35,74fbcb5f-94c1-4702-ae74-d4d72ee638b8,697cad71-1d09-400f-9972-d6bc3c56b784,subscription_created,2024-01-16 02:51:00.295295,61.82,EUR
f79a8af8-cf75-433b-87a4-db5ae1c27577,8807542a-3d8b-47ad-bb47-28970c025b35,74fbcb5f-94c1-4702-ae74-d4d72ee638b8,697cad71-1d09-400f-9972-d6bc3c56b784,renewal_successful,2024-04-15 02:51:00.295295,61.82,EUR
2f6add9c-ddbb-4abd-ac34-fa9c7c6a0d44,8807542a-3d8b-47ad-bb47-28970c025b35,74fbcb5f-94c1-4702-ae74-d4d72ee638b8,697cad71-1d09-400f-9972-d6bc3c56b784,renewal_successful,2024-07-14 02:51:00.295295,61.82,EUR
f066b0ba-9944-4c62-8bfb-d0a3db68353c,8807542a-3d8b-47ad-bb47-28970c025b35,74fbcb5f-94c1-4702-ae74-d4d72ee638b8,697cad71-1d09-400f-9972-d6bc3c56b784,renewal_successful,2024-10-12 02:51:00.295295,61.82,EUR
042ff7cd-ef4c-430f-8d7c-c408d20c4b4d,8807542a-3d8b-47ad-bb47-28970c025b35,74fbcb5f-94c1-4702-ae74-d4d72ee638b8,697cad71-1d09-400f-9972-d6bc3c56b784,renewal_successful,2025-01-10 02:51:00.295295,61.82,EUR
8aaadd89-ca0e-4e43-acbc-66fa0e0716ac,8807542a-3d8b-47ad-bb47-28970c025b35,74fbcb5f-94c1-4702-ae74-d4d72ee638b8,697cad71-1d09-400f-9972-d6bc3c56b784,renewal_successful,2025-04-10 02:51:00.295295,61.82,EUR
1172e575-13a2-4d4a-be73-a35179f11c7e,8807542a-3d8b-47ad-bb47-28970c025b35,74fbcb5f-94c1-4702-ae74-d4d72ee638b8,697cad71-1d09-400f-9972-d6bc3c56b784,renewal_successful,2025-07-09 02:51:00.295295,61.82,EUR
7b648ff5-5390-4e88-9f19-24cccd78424f,8807542a-3d8b-47ad-bb47-28970c025b35,74fbcb5f-94c1-4702-ae74-d4d72ee638b8,697cad71-1d09-400f-9972-d6bc3c56b784,renewal_successful,2025-10-07 02:51:00.295295,61.82,EUR
b376c4e7-b95c-4c2c-9d0d-898d4914f9b8,c6f80c50-d844-44d3-9c14-598be16b8462,b3414704-34ec-4d45-84ab-838e9e0d38c2,ee50eaf1-706f-47a8-a832-9487ab6d7e9f,subscription_created,2024-09-06 18:39:53.961838,294.44,SAR
9f11343e-b218-480a-b453-3c0815a4aa5f,c6f80c50-d844-44d3-9c14-598be16b8462,b3414704-34ec-4d45-84ab-838e9e0d38c2,ee50eaf1-706f-47a8-a832-9487ab6d7e9f,renewal_successful,2025-09-06 18:39:53.961838,294.44,SAR
60c26964-7ee9-416d-99b9-31356452cf89,849c0fb3-018a-44dc-afc4-a7393c447e15,ab29b7ca-c7ea-4e0f-a26e-f9a79220339f,4201bd3a-0b86-4dfc-8aa1-63926557f9aa,subscription_created,2023-11-02 12:15:42.282027,90.11,GBP
cd544775-4662-485d-b7ea-a33203ff5de7,849c0fb3-018a-44dc-afc4-a7393c447e15,ab29b7ca-c7ea-4e0f-a26e-f9a79220339f,4201bd3a-0b86-4dfc-8aa1-63926557f9aa,renewal_failed,2023-12-02 12:15:42.282027,0.0,GBP
a7dbf816-288f-404b-ac44-f420eafeddc7,849c0fb3-018a-44dc-afc4-a7393c447e15,ab29b7ca-c7ea-4e0f-a26e-f9a79220339f,4201bd3a-0b86-4dfc-8aa1-63926557f9aa,subscription_cancelled,2023-12-09 12:15:42.282027,0.0,GBP
8e1988b6-ed12-4e53-81ce-3b56359c1d6c,fc6a524c-0b2b-443f-9068-c8da61849640,c3d04727-fdbb-4a43-b126-b56e197d1282,57d49778-606f-40ec-80ea-05149c4e87cb,subscription_created,2024-02-11 04:57:41.187791,98.43,EUR
9cd15026-e4c0-4713-9fc2-c31e11c05148,fc6a524c-0b2b-443f-9068-c8da61849640,c3d04727-fdbb-4a43-b126-b56e197d1282,57d49778-606f-40ec-80ea-05149c4e87cb,renewal_successful,2024-03-12 04:57:41.187791,98.43,EUR
6673ef3d-7e61-4507-a0fb-6630923b88e7,fc6a524c-0b2b-443f-9068-c8da61849640,c3d04727-fdbb-4a43-b126-b56e197d1282,57d49778-606f-40ec-80ea-05149c4e87cb,renewal_successful,2024-04-11 04:57:41.187791,98.43,EUR
54e22a61-f619-48d7-9e55-ee68816c4890,fc6a524c-0b2b-443f-9068-c8da61849640,c3d04727-fdbb-4a43-b126-b56e197d1282,57d49778-606f-40ec-80ea-05149c4e87cb,renewal_successful,2024-05-11 04:57:41.187791,98.43,EUR
6f8d6711-d7ea-4b3b-bcf0-fc4b2425cb37,fc6a524c-0b2b-443f-9068-c8da61849640,c3d04727-fdbb-4a43-b126-b56e197d1282,57d49778-606f-40ec-80ea-05149c4e87cb,renewal_failed,2024-06-10 04:57:41.187791,0.0,EUR
62e7753b-8ba1-4f71-abdd-9c63bbc2ea13,fc6a524c-0b2b-443f-9068-c8da61849640,c3d04727-fdbb-4a43-b126-b56e197d1282,57d49778-606f-40ec-80ea-05149c4e87cb,subscription_cancelled,2024-06-17 04:57:41.187791,0.0,EUR
e9b96b66-959b-403d-b966-fb3ae528176a,1e306bf3-438a-4fb4-b36d-b9620dfbb27e,ab29b7ca-c7ea-4e0f-a26e-f9a79220339f,7d30febd-97f6-469b-b289-7f4820003803,subscription_created,2024-02-02 03:26:13.889225,90.11,GBP
d17ca29e-6ad4-4186-b316-aa3df7d55a2e,1e306bf3-438a-4fb4-b36d-b9620dfbb27e,ab29b7ca-c7ea-4e0f-a26e-f9a79220339f,7d30febd-97f6-469b-b289-7f4820003803,renewal_successful,2024-03-03 03:26:13.889225,90.11,GBP
f6cc8961-424f-4790-a7eb-2dd623e7b73d,1e306bf3-438a-4fb4-b36d-b9620dfbb27e,ab29b7ca-c7ea-4e0f-a26e-f9a79220339f,7d30febd-97f6-469b-b289-7f4820003803,renewal_successful,2024-04-02 03:26:13.889225,90.11,GBP
8cb78d39-7a10-47a4-b02c-24f19f9ee45e,1e306bf3-438a-4fb4-b36d-b9620dfbb27e,ab29b7ca-c7ea-4e0f-a26e-f9a79220339f,7d30febd-97f6-469b-b289-7f4820003803,renewal_successful,2024-05-02 03:26:13.889225,90.11,GBP
b355ac10-09da-4d1c-bcb7-88ed6f9d5e37,1e306bf3-438a-4fb4-b36d-b9620dfbb27e,ab29b7ca-c7ea-4e0f-a26e-f9a79220339f,7d30febd-97f6-469b-b289-7f4820003803,renewal_successful,2024-06-01 03:26:13.889225,90.11,GBP
8948e77b-ffcf-4b1e-9a68-67ecf5c90612,1e306bf3-438a-4fb4-b36d-b9620dfbb27e,ab29b7ca-c7ea-4e0f-a26e-f9a79220339f,7d30febd-97f6-469b-b289-7f4820003803,renewal_successful,2024-07-01 03:26:13.889225,90.11,GBP
d91dfa41-f7e1-4993-a275-e188516a4323,1e306bf3-438a-4fb4-b36d-b9620dfbb27e,ab29b7ca-c7ea-4e0f-a26e-f9a79220339f,7d30febd-97f6-469b-b289-7f4820003803,renewal_successful,2024-07-31 03:26:13.889225,90.11,GBP
0cad880f-be15-415b-8746-c65fcd0eb56c,1e306bf3-438a-4fb4-b36d-b9620dfbb27e,ab29b7ca-c7ea-4e0f-a26e-f9a79220339f,7d30febd-97f6-469b-b289-7f4820003803,renewal_successful,2024-08-30 03:26:13.889225,90.11,GBP
7e1d4653-5d89-4196-8b30-eaecae102ea8,1e306bf3-438a-4fb4-b36d-b9620dfbb27e,ab29b7ca-c7ea-4e0f-a26e-f9a79220339f,7d30febd-97f6-469b-b289-7f4820003803,renewal_successful,2024-09-29 03:26:13.889225,90.11,GBP
c91f61e0-8a31-4d42-b85f-96a73f437f4c,1e306bf3-438a-4fb4-b36d-b9620dfbb27e,ab29b7ca-c7ea-4e0f-a26e-f9a79220339f,7d30febd-97f6-469b-b289-7f4820003803,renewal_successful,2024-10-29 03:26:13.889225,90.11,GBP
c68c230b-d919-48ab-a796-6751126c9582,1e306bf3-438a-4fb4-b36d-b9620dfbb27e,ab29b7ca-c7ea-4e0f-a26e-f9a79220339f,7d30febd-97f6-469b-b289-7f4820003803,renewal_failed,2024-11-28 03:26:13.889225,0.0,GBP
d6aad8e7-853a-4fd3-ac99-384038d54bc2,1e306bf3-438a-4fb4-b36d-b9620dfbb27e,ab29b7ca-c7ea-4e0f-a26e-f9a79220339f,7d30febd-97f6-469b-b289-7f4820003803,renewal_successful,2024-12-28 03:26:13.889225,90.11,GBP
a540cb02-6840-471b-9b66-5b5f0b59d347,1e306bf3-438a-4fb4-b36d-b9620dfbb27e,ab29b7ca-c7ea-4e0f-a26e-f9a79220339f,7d30febd-97f6-469b-b289-7f4820003803,renewal_successful,2025-01-27 03:26:13.889225,90.11,GBP
e9195b65-581b-4dd2-b3ce-fbb80949a9fa,1e306bf3-438a-4fb4-b36d-b9620dfbb27e,ab29b7ca-c7ea-4e0f-a26e-f9a79220339f,7d30febd-97f6-469b-b289-7f4820003803,renewal_successful,2025-02-26 03:26:13.889225,90.11,GBP
b8ee0ca9-ddc8-4e66-adcf-feb83add4baf,1e306bf3-438a-4fb4-b36d-b9620dfbb27e,ab29b7ca-c7ea-4e0f-a26e-f9a79220339f,7d30febd-97f6-469b-b289-7f4820003803,renewal_successful,2025-03-28 03:26:13.889225,90.11,GBP
1c0dc3da-8301-410c-94d7-eed5f5b72e0d,1e306bf3-438a-4fb4-b36d-b9620dfbb27e,ab29b7ca-c7ea-4e0f-a26e-f9a79220339f,7d30febd-97f6-469b-b289-7f4820003803,renewal_successful,2025-04-27 03:26:13.889225,90.11,GBP
8178041e-cf58-422b-b74d-aa2b3e8902c6,1e306bf3-438a-4fb4-b36d-b9620dfbb27e,ab29b7ca-c7ea-4e0f-a26e-f9a79220339f,7d30febd-97f6-469b-b289-7f4820003803,renewal_successful,2025-05-27 03:26:13.889225,90.11,GBP
61c0546e-2f36-46b7-809b-cd3cb466aa12,1e306bf3-438a-4fb4-b36d-b9620dfbb27e,ab29b7ca-c7ea-4e0f-a26e-f9a79220339f,7d30febd-97f6-469b-b289-7f4820003803,renewal_successful,2025-06-26 03:26:13.889225,90.11,GBP
f0559e2c-98ad-48db-81a4-5a67552d02da,1e306bf3-438a-4fb4-b36d-b9620dfbb27e,ab29b7ca-c7ea-4e0f-a26e-f9a79220339f,7d30febd-97f6-469b-b289-7f4820003803,renewal_successful,2025-07-26 03:26:13.889225,90.11,GBP
56ccf917-f420-4078-a8c2-26726288fdc5,1e306bf3-438a-4fb4-b36d-b9620dfbb27e,ab29b7ca-c7ea-4e0f-a26e-f9a79220339f,7d30febd-97f6-469b-b289-7f4820003803,renewal_successful,2025-08-25 03:26:13.889225,90.11,GBP
68d5daa1-cbe6-4645-b32e-8dc9f39c8788,1e306bf3-438a-4fb4-b36d-b9620dfbb27e,ab29b7ca-c7ea-4e0f-a26e-f9a79220339f,7d30febd-97f6-469b-b289-7f4820003803,renewal_successful,2025-09-24 03:26:13.889225,90.11,GBP
5e85288f-2abc-4263-bfdf-8de44dced6fa,ab7f34ab-6f23-46ac-bc03-2aa24d68b335,ada1ddaa-52e1-451d-a8a8-c11f2d99821a,fb683489-7b6b-49b2-801a-a93f544113fc,subscription_created,2025-02-15 19:09:06.928770,565.66,EUR
206d14d9-aea2-42a3-83ac-de577e47ad81,5692a69f-4045-412c-bdb1-2586d4cc18a9,dab1f810-c35d-41fe-8ae5-16d5c3f122a3,4a4e74bc-13f9-4d38-b9ae-6c76daccb874,subscription_created,2025-07-27 16:05:59.758771,874.71,MXN
776f9811-4d0a-4c2a-8fa8-f45798ebe583,1ec51ab2-ab22-4bdd-908e-0d45794609fb,ab29b7ca-c7ea-4e0f-a26e-f9a79220339f,e8aedfe9-bd52-48a6-afb3-1ab5d91de0b0,subscription_created,2024-03-14 14:58:21.664165,90.11,GBP
5026cc74-3a50-43ca-9540-86572bbcc714,1ec51ab2-ab22-4bdd-908e-0d45794609fb,ab29b7ca-c7ea-4e0f-a26e-f9a79220339f,e8aedfe9-bd52-48a6-afb3-1ab5d91de0b0,renewal_successful,2024-04-13 14:58:21.664165,90.11,GBP
10f6cfff-25b4-4e43-9750-e4dfb684d876,1ec51ab2-ab22-4bdd-908e-0d45794609fb,ab29b7ca-c7ea-4e0f-a26e-f9a79220339f,e8aedfe9-bd52-48a6-afb3-1ab5d91de0b0,renewal_successful,2024-05-13 14:58:21.664165,90.11,GBP
3e5dc2dd-23a3-49b3-87ea-fe5798113d5f,1ec51ab2-ab22-4bdd-908e-0d45794609fb,ab29b7ca-c7ea-4e0f-a26e-f9a79220339f,e8aedfe9-bd52-48a6-afb3-1ab5d91de0b0,renewal_successful,2024-06-12 14:58:21.664165,90.11,GBP
f220956a-3633-4675-8eba-08b5d05be47b,1ec51ab2-ab22-4bdd-908e-0d45794609fb,ab29b7ca-c7ea-4e0f-a26e-f9a79220339f,e8aedfe9-bd52-48a6-afb3-1ab5d91de0b0,renewal_successful,2024-07-12 14:58:21.664165,90.11,GBP
c788183b-f84f-4f10-aeaf-602e884d2a40,1ec51ab2-ab22-4bdd-908e-0d45794609fb,ab29b7ca-c7ea-4e0f-a26e-f9a79220339f,e8aedfe9-bd52-48a6-afb3-1ab5d91de0b0,renewal_successful,2024-08-11 14:58:21.664165,90.11,GBP
df498424-2695-4f03-bfaf-93cff66348b6,1ec51ab2-ab22-4bdd-908e-0d45794609fb,ab29b7ca-c7ea-4e0f-a26e-f9a79220339f,e8aedfe9-bd52-48a6-afb3-1ab5d91de0b0,renewal_successful,2024-09-10 14:58:21.664165,90.11,GBP
9b9fa81e-f793-4b31-a43e-ed1ca1ffba03,1ec51ab2-ab22-4bdd-908e-0d45794609fb,ab29b7ca-c7ea-4e0f-a26e-f9a79220339f,e8aedfe9-bd52-48a6-afb3-1ab5d91de0b0,renewal_successful,2024-10-10 14:58:21.664165,90.11,GBP
23ccfbad-ec15-41b3-bfe9-b89e6bc3b180,1ec51ab2-ab22-4bdd-908e-0d45794609fb,ab29b7ca-c7ea-4e0f-a26e-f9a79220339f,e8aedfe9-bd52-48a6-afb3-1ab5d91de0b0,renewal_successful,2024-11-09 14:58:21.664165,90.11,GBP
0442fec9-5655-432c-ab9a-91941463fd89,1ec51ab2-ab22-4bdd-908e-0d45794609fb,ab29b7ca-c7ea-4e0f-a26e-f9a79220339f,e8aedfe9-bd52-48a6-afb3-1ab5d91de0b0,renewal_failed,2024-12-09 14:58:21.664165,0.0,GBP
811d8726-1a44-4882-9c65-43224757f649,1ec51ab2-ab22-4bdd-908e-0d45794609fb,ab29b7ca-c7ea-4e0f-a26e-f9a79220339f,e8aedfe9-bd52-48a6-afb3-1ab5d91de0b0,renewal_successful,2025-01-08 14:58:21.664165,90.11,GBP
7fd4a4b6-6c3e-4d92-8ac0-c3b6c9387d66,1ec51ab2-ab22-4bdd-908e-0d45794609fb,ab29b7ca-c7ea-4e0f-a26e-f9a79220339f,e8aedfe9-bd52-48a6-afb3-1ab5d91de0b0,renewal_successful,2025-02-07 14:58:21.664165,90.11,GBP
73fc7325-c60f-4696-875c-65adb4526ed3,1ec51ab2-ab22-4bdd-908e-0d45794609fb,ab29b7ca-c7ea-4e0f-a26e-f9a79220339f,e8aedfe9-bd52-48a6-afb3-1ab5d91de0b0,renewal_successful,2025-03-09 14:58:21.664165,90.11,GBP
7b055978-3f0b-4983-817d-be86f6abdcad,1ec51ab2-ab22-4bdd-908e-0d45794609fb,ab29b7ca-c7ea-4e0f-a26e-f9a79220339f,e8aedfe9-bd52-48a6-afb3-1ab5d91de0b0,renewal_successful,2025-04-08 14:58:21.664165,90.11,GBP
7895cf7c-4d81-4fd2-a59d-e56f6bdd5ced,1ec51ab2-ab22-4bdd-908e-0d45794609fb,ab29b7ca-c7ea-4e0f-a26e-f9a79220339f,e8aedfe9-bd52-48a6-afb3-1ab5d91de0b0,renewal_successful,2025-05-08 14:58:21.664165,90.11,GBP
a9c72656-bd4d-4bc9-9a97-e942c337d447,1ec51ab2-ab22-4bdd-908e-0d45794609fb,ab29b7ca-c7ea-4e0f-a26e-f9a79220339f,e8aedfe9-bd52-48a6-afb3-1ab5d91de0b0,renewal_successful,2025-06-07 14:58:21.664165,90.11,GBP
1c6616d1-001c-47ee-8bad-8e9599dabdb8,1ec51ab2-ab22-4bdd-908e-0d45794609fb,ab29b7ca-c7ea-4e0f-a26e-f9a79220339f,e8aedfe9-bd52-48a6-afb3-1ab5d91de0b0,renewal_successful,2025-07-07 14:58:21.664165,90.11,GBP
59fca08c-9e6a-445f-98c7-4ef9e10d8c90,1ec51ab2-ab22-4bdd-908e-0d45794609fb,ab29b7ca-c7ea-4e0f-a26e-f9a79220339f,e8aedfe9-bd52-48a6-afb3-1ab5d91de0b0,renewal_successful,2025-08-06 14:58:21.664165,90.11,GBP
c2bfbc51-eae4-4685-b7cb-f4573b99ed21,1ec51ab2-ab22-4bdd-908e-0d45794609fb,ab29b7ca-c7ea-4e0f-a26e-f9a79220339f,e8aedfe9-bd52-48a6-afb3-1ab5d91de0b0,renewal_successful,2025-09-05 14:58:21.664165,90.11,GBP
ac163084-c94f-4284-91d0-d9d612efc525,1ec51ab2-ab22-4bdd-908e-0d45794609fb,ab29b7ca-c7ea-4e0f-a26e-f9a79220339f,e8aedfe9-bd52-48a6-afb3-1ab5d91de0b0,renewal_successful,2025-10-05 14:58:21.664165,90.11,GBP
5b33e2b6-868e-4efa-8946-1b862ebc6d62,5c5f8e47-df98-429d-8593-66b4af865d66,862f6f46-4f45-4289-8893-2bc2c4376f65,11c68843-eb74-4c5c-b45f-81549d47aefd,subscription_created,2025-02-13 22:16:16.949857,53.57,SAR
05d0b132-32fb-444a-ae9e-50ecfaebed51,5c5f8e47-df98-429d-8593-66b4af865d66,862f6f46-4f45-4289-8893-2bc2c4376f65,11c68843-eb74-4c5c-b45f-81549d47aefd,renewal_successful,2025-05-14 22:16:16.949857,53.57,SAR
b5ba034d-193e-4ca3-999b-9a52f2898d90,5c5f8e47-df98-429d-8593-66b4af865d66,862f6f46-4f45-4289-8893-2bc2c4376f65,11c68843-eb74-4c5c-b45f-81549d47aefd,renewal_successful,2025-08-12 22:16:16.949857,53.57,SAR
385bb2d1-6f3a-494e-94f2-995067d51a01,55daa907-3720-4421-8bc5-251286e7471e,48ab31e5-c689-44ab-b3fe-68fed064ad8a,ff9827ba-36ce-4d1e-a55b-208e6d2cc8a3,subscription_created,2025-06-03 22:38:06.441113,71.97,USD
12b95f6a-4af9-443d-bf89-3e724b3b07da,55daa907-3720-4421-8bc5-251286e7471e,48ab31e5-c689-44ab-b3fe-68fed064ad8a,ff9827ba-36ce-4d1e-a55b-208e6d2cc8a3,renewal_successful,2025-09-01 22:38:06.441113,71.97,USD
4291f42f-bdac-4cf3-9642-0ea355c26f74,21d37dea-7785-4ef6-9f5e-9ec21fd759d5,48ab31e5-c689-44ab-b3fe-68fed064ad8a,864ea3e7-05ed-4250-b907-42953cee2ce6,subscription_created,2025-02-25 08:09:07.107423,71.97,USD
f33fc2ec-6641-486c-96d4-626601fd7f47,21d37dea-7785-4ef6-9f5e-9ec21fd759d5,48ab31e5-c689-44ab-b3fe-68fed064ad8a,864ea3e7-05ed-4250-b907-42953cee2ce6,renewal_successful,2025-05-26 08:09:07.107423,71.97,USD
05a4477c-f605-42e5-ba4c-fb6f30afbeb8,21d37dea-7785-4ef6-9f5e-9ec21fd759d5,48ab31e5-c689-44ab-b3fe-68fed064ad8a,864ea3e7-05ed-4250-b907-42953cee2ce6,renewal_successful,2025-08-24 08:09:07.107423,71.97,USD
305d13b6-b6db-433f-8bd1-8ffb0d5378e6,a2790879-110d-4467-a0e9-641a12cb8b79,407d357a-2a55-4e77-8d4a-138ef21d3e06,bd10f573-711b-4578-8b27-36271a94831a,subscription_created,2025-06-21 11:43:33.166797,26.48,USD
52238756-13fa-4eff-9501-25ddb0704930,a2790879-110d-4467-a0e9-641a12cb8b79,407d357a-2a55-4e77-8d4a-138ef21d3e06,bd10f573-711b-4578-8b27-36271a94831a,renewal_successful,2025-07-21 11:43:33.166797,26.48,USD
4d29d845-eab9-4d27-9ce7-dae930575d71,a2790879-110d-4467-a0e9-641a12cb8b79,407d357a-2a55-4e77-8d4a-138ef21d3e06,bd10f573-711b-4578-8b27-36271a94831a,renewal_successful,2025-08-20 11:43:33.166797,26.48,USD
46edef14-faf5-43c6-bd91-4e125652ebda,a2790879-110d-4467-a0e9-641a12cb8b79,407d357a-2a55-4e77-8d4a-138ef21d3e06,bd10f573-711b-4578-8b27-36271a94831a,renewal_successful,2025-09-19 11:43:33.166797,26.48,USD
0309e217-e8d3-4eec-9d15-92ccaabb051c,3778cfc3-c6e7-4d70-9e99-05609e2a99c0,48ab31e5-c689-44ab-b3fe-68fed064ad8a,2efaa282-1fc8-451b-ae76-e2c036fb673f,subscription_created,2024-09-14 23:30:49.472452,71.97,USD
d553fd66-33d5-4b9c-b3b5-be79d7a6b784,3778cfc3-c6e7-4d70-9e99-05609e2a99c0,48ab31e5-c689-44ab-b3fe-68fed064ad8a,2efaa282-1fc8-451b-ae76-e2c036fb673f,renewal_successful,2024-12-13 23:30:49.472452,71.97,USD
53fbb605-65fb-4192-921c-48235e862bf0,3778cfc3-c6e7-4d70-9e99-05609e2a99c0,48ab31e5-c689-44ab-b3fe-68fed064ad8a,2efaa282-1fc8-451b-ae76-e2c036fb673f,renewal_successful,2025-03-13 23:30:49.472452,71.97,USD
f825a42c-0fa6-470f-a2ff-480899f40b15,3778cfc3-c6e7-4d70-9e99-05609e2a99c0,48ab31e5-c689-44ab-b3fe-68fed064ad8a,2efaa282-1fc8-451b-ae76-e2c036fb673f,renewal_successful,2025-06-11 23:30:49.472452,71.97,USD
fc099fce-2674-4d31-8dc0-121a493f2fd4,3778cfc3-c6e7-4d70-9e99-05609e2a99c0,48ab31e5-c689-44ab-b3fe-68fed064ad8a,2efaa282-1fc8-451b-ae76-e2c036fb673f,renewal_successful,2025-09-09 23:30:49.472452,71.97,USD
cebb4350-492c-4538-9fd9-2aafb95d6ef9,f6e980f8-1136-4a5f-9332-7c7e8f065aac,4f6cc21b-d426-444d-afd5-233cef230070,a9870ea4-3e0b-4190-8cc8-89e09408570a,subscription_created,2024-10-17 21:42:47.376680,228.23,GBP
82e67cae-362e-4e9f-aec6-0f55907eebcc,f6e980f8-1136-4a5f-9332-7c7e8f065aac,4f6cc21b-d426-444d-afd5-233cef230070,a9870ea4-3e0b-4190-8cc8-89e09408570a,renewal_successful,2025-01-15 21:42:47.376680,228.23,GBP
112c6eb9-cdec-407d-bd83-c5ee21b60fb3,f6e980f8-1136-4a5f-9332-7c7e8f065aac,4f6cc21b-d426-444d-afd5-233cef230070,a9870ea4-3e0b-4190-8cc8-89e09408570a,renewal_successful,2025-04-15 21:42:47.376680,228.23,GBP
8e7e9269-317b-49bd-be2e-3f161a4c5cf6,f6e980f8-1136-4a5f-9332-7c7e8f065aac,4f6cc21b-d426-444d-afd5-233cef230070,a9870ea4-3e0b-4190-8cc8-89e09408570a,renewal_successful,2025-07-14 21:42:47.376680,228.23,GBP
584c3657-9504-48a1-840e-ab1db3f50939,5d7cc940-52c6-4741-b35e-d2cd4ae87bdf,ea3f7516-ae50-4a60-ab8a-92f65201443d,6606a279-94ad-40a8-96c8-e4e71ab731c8,subscription_created,2025-09-17 21:53:54.586426,438.26,MXN
fa778f33-b0ee-4519-8a04-66a25982977b,2cda5dba-fbba-4a42-bd7b-78287ab8ecf4,862f6f46-4f45-4289-8893-2bc2c4376f65,d4eb4d34-9653-422f-866c-2b4dcbea3705,subscription_created,2025-07-11 04:08:59.503942,53.57,SAR
8d9c9a4a-4b2b-447a-beaa-e50eb587ab2c,84865270-43c2-443d-a616-9e50e74a9d93,fb20d0de-24a2-4881-8f76-826c3abd26d2,ec6b1a7f-739b-4c2b-a981-a1bfbc9a1a88,subscription_created,2025-01-10 15:38:29.643779,98.92,EUR
2344c19a-f05b-4bd2-8368-8708aadbafdc,84865270-43c2-443d-a616-9e50e74a9d93,fb20d0de-24a2-4881-8f76-826c3abd26d2,ec6b1a7f-739b-4c2b-a981-a1bfbc9a1a88,renewal_successful,2025-04-10 15:38:29.643779,98.92,EUR
593effb5-9932-45fb-abce-57fc9abca8c7,84865270-43c2-443d-a616-9e50e74a9d93,fb20d0de-24a2-4881-8f76-826c3abd26d2,ec6b1a7f-739b-4c2b-a981-a1bfbc9a1a88,renewal_successful,2025-07-09 15:38:29.643779,98.92,EUR
d147fcfc-a221-4d4d-a0ec-8375278d9ba0,84865270-43c2-443d-a616-9e50e74a9d93,fb20d0de-24a2-4881-8f76-826c3abd26d2,ec6b1a7f-739b-4c2b-a981-a1bfbc9a1a88,renewal_successful,2025-10-07 15:38:29.643779,98.92,EUR
abf7dcd0-38fe-42c2-befe-1430c26b6226,5e4fa4ac-d586-47ec-be29-ff3a87efb98e,b0dbe0c7-9eef-4ae0-a5f7-fb0aba165fb5,afed913f-8ef9-4561-a9bb-d0c1af842561,subscription_created,2025-09-22 18:00:27.816176,129.01,GBP
bffc3155-7fdd-424e-bb7d-44bed91e4afe,e36130c3-5e12-4bf6-9156-4eee51cfa19e,bda35c2a-bc74-4d9d-b2b9-bcc0f7204d95,4b9894c6-3a5b-4656-91da-dc6037c7489d,subscription_created,2024-12-06 17:59:09.758193,557.98,GBP
433e3f03-71c3-45eb-952f-d4b3ed94b01d,bb0dec98-8217-4c7b-825f-87b3b8526c92,4f6cc21b-d426-444d-afd5-233cef230070,34a3e035-6af3-4ea2-88b3-dfc2b8bb06f5,subscription_created,2024-05-16 05:45:12.760695,228.23,GBP
f10e9a2f-aa76-4d10-8157-2459dd77c0c3,bb0dec98-8217-4c7b-825f-87b3b8526c92,4f6cc21b-d426-444d-afd5-233cef230070,34a3e035-6af3-4ea2-88b3-dfc2b8bb06f5,renewal_successful,2024-08-14 05:45:12.760695,228.23,GBP
d07aad8c-d8f3-4dfb-9237-ebfb54585a07,bb0dec98-8217-4c7b-825f-87b3b8526c92,4f6cc21b-d426-444d-afd5-233cef230070,34a3e035-6af3-4ea2-88b3-dfc2b8bb06f5,renewal_successful,2024-11-12 05:45:12.760695,228.23,GBP
6a7c336a-34da-4422-8a03-836b42d07a30,bb0dec98-8217-4c7b-825f-87b3b8526c92,4f6cc21b-d426-444d-afd5-233cef230070,34a3e035-6af3-4ea2-88b3-dfc2b8bb06f5,renewal_successful,2025-02-10 05:45:12.760695,228.23,GBP
703bb5c3-b278-46f1-b4ce-72c21a082034,bb0dec98-8217-4c7b-825f-87b3b8526c92,4f6cc21b-d426-444d-afd5-233cef230070,34a3e035-6af3-4ea2-88b3-dfc2b8bb06f5,renewal_successful,2025-05-11 05:45:12.760695,228.23,GBP
2aaa10a9-ee51-48ed-b19e-eddd4d4f4228,bb0dec98-8217-4c7b-825f-87b3b8526c92,4f6cc21b-d426-444d-afd5-233cef230070,34a3e035-6af3-4ea2-88b3-dfc2b8bb06f5,renewal_successful,2025-08-09 05:45:12.760695,228.23,GBP
3db39690-476b-4b9c-8954-21913cb3fe3d,60a3c8f8-c74f-4f07-b06b-7c7da868f360,4f6cc21b-d426-444d-afd5-233cef230070,a9638f42-b90d-4144-9e18-cf4127d1ef07,subscription_created,2024-03-30 20:12:17.211306,228.23,GBP
4cd183d7-45c8-40bb-bde1-c522b38faa55,60a3c8f8-c74f-4f07-b06b-7c7da868f360,4f6cc21b-d426-444d-afd5-233cef230070,a9638f42-b90d-4144-9e18-cf4127d1ef07,renewal_successful,2024-06-28 20:12:17.211306,228.23,GBP
c3aae7b6-d473-431b-a5a9-330b2f92bf56,60a3c8f8-c74f-4f07-b06b-7c7da868f360,4f6cc21b-d426-444d-afd5-233cef230070,a9638f42-b90d-4144-9e18-cf4127d1ef07,renewal_successful,2024-09-26 20:12:17.211306,228.23,GBP
db4af054-7410-4b8c-a751-d1ea34e3ca0e,60a3c8f8-c74f-4f07-b06b-7c7da868f360,4f6cc21b-d426-444d-afd5-233cef230070,a9638f42-b90d-4144-9e18-cf4127d1ef07,renewal_failed,2024-12-25 20:12:17.211306,0.0,GBP
401fee82-201b-4599-a3cf-f67ce82955c8,60a3c8f8-c74f-4f07-b06b-7c7da868f360,4f6cc21b-d426-444d-afd5-233cef230070,a9638f42-b90d-4144-9e18-cf4127d1ef07,subscription_cancelled,2025-01-01 20:12:17.211306,0.0,GBP
d412454a-f047-414c-a371-22996e3ff9f7,e1ef96ab-65eb-42c3-98e9-a27c2ad62daf,c2f0cdde-09f5-42b0-8300-b6bd09e92d24,76d3fe6f-e957-4a64-bea9-1a600b768d7b,subscription_created,2025-04-07 06:32:04.457138,180.02,EUR
2559c4bf-6f3d-4fab-8b50-01299248addd,e1ef96ab-65eb-42c3-98e9-a27c2ad62daf,c2f0cdde-09f5-42b0-8300-b6bd09e92d24,76d3fe6f-e957-4a64-bea9-1a600b768d7b,renewal_successful,2025-07-06 06:32:04.457138,180.02,EUR
987b14f2-8463-4d2b-9f36-bd87daf46faf,e1ef96ab-65eb-42c3-98e9-a27c2ad62daf,c2f0cdde-09f5-42b0-8300-b6bd09e92d24,76d3fe6f-e957-4a64-bea9-1a600b768d7b,renewal_successful,2025-10-04 06:32:04.457138,180.02,EUR
98cf42aa-85e6-4595-a9ca-3afaa48ebcaf,deeb38d1-f70d-45b9-afa7-4affe6db4576,e738049e-ffd5-4b5a-8519-b1bf2e80c346,84e89ddd-a39b-4aef-9021-2b7310a59467,subscription_created,2025-04-18 11:42:08.736749,229.16,SAR
1eef3673-eb89-4a3c-b2aa-69d1c800c07f,deeb38d1-f70d-45b9-afa7-4affe6db4576,e738049e-ffd5-4b5a-8519-b1bf2e80c346,84e89ddd-a39b-4aef-9021-2b7310a59467,renewal_successful,2025-07-17 11:42:08.736749,229.16,SAR
92e434cd-3531-418b-865e-4cb68ca2fd86,63951ca2-f0a6-4976-b663-c04fdbdb26c4,27188e07-2150-475c-b00f-8ab73d75e35a,6e7f7106-d8a6-44f4-95fa-f536d0792204,subscription_created,2025-04-15 21:30:36.855338,239.67,GBP
c8d49ff2-1261-4d83-9bdb-cf51ab48cb1d,63951ca2-f0a6-4976-b663-c04fdbdb26c4,27188e07-2150-475c-b00f-8ab73d75e35a,6e7f7106-d8a6-44f4-95fa-f536d0792204,renewal_successful,2025-07-14 21:30:36.855338,239.67,GBP
73ab0a14-3950-48d5-ac56-ac5ca07aa67d,d698c90c-51ac-49fe-b779-ea96581d51c0,ada1ddaa-52e1-451d-a8a8-c11f2d99821a,bec46051-f923-459f-897b-30df198b55b1,subscription_created,2024-07-03 16:42:38.808030,565.66,EUR
56aa400b-f2e6-4810-b9f8-85b948cef20c,d698c90c-51ac-49fe-b779-ea96581d51c0,ada1ddaa-52e1-451d-a8a8-c11f2d99821a,bec46051-f923-459f-897b-30df198b55b1,renewal_successful,2025-07-03 16:42:38.808030,565.66,EUR
09937b83-4e85-49f4-b0c1-1e560e98ff52,515fdd16-3d2a-44f9-952f-25e6744728a5,ad331e5f-6f25-478c-b0fd-03842ec434e5,4658cf82-c001-473a-9fde-dc59c0ab84df,subscription_created,2025-08-07 03:18:40.493762,88.18,SAR
b1e08f10-206f-4a39-9871-358ee8be4145,515fdd16-3d2a-44f9-952f-25e6744728a5,ad331e5f-6f25-478c-b0fd-03842ec434e5,4658cf82-c001-473a-9fde-dc59c0ab84df,renewal_successful,2025-09-06 03:18:40.493762,88.18,SAR
7bc067ea-cdb3-4e7b-9085-0cdeb8d23c44,515fdd16-3d2a-44f9-952f-25e6744728a5,ad331e5f-6f25-478c-b0fd-03842ec434e5,4658cf82-c001-473a-9fde-dc59c0ab84df,renewal_failed,2025-10-06 03:18:40.493762,0.0,SAR
5a4958c6-96f8-4aa1-9864-f05808e65ae2,515fdd16-3d2a-44f9-952f-25e6744728a5,ad331e5f-6f25-478c-b0fd-03842ec434e5,4658cf82-c001-473a-9fde-dc59c0ab84df,subscription_cancelled,2025-10-13 03:18:40.493762,0.0,SAR
9c66feeb-b473-41db-9c96-ef84ff63ce5b,0f19061b-208e-46e7-983e-7b773c867441,abaca0ad-932e-4fcf-85c5-e95c455177c4,bfa93048-6ef9-460d-874b-781560da6e82,subscription_created,2025-06-06 00:23:16.128134,21.28,SAR
fc5b122c-770e-406f-ba1f-510ee4559b30,0f19061b-208e-46e7-983e-7b773c867441,abaca0ad-932e-4fcf-85c5-e95c455177c4,bfa93048-6ef9-460d-874b-781560da6e82,renewal_successful,2025-07-06 00:23:16.128134,21.28,SAR
b9635173-3f66-4115-97bd-28beabb03672,0f19061b-208e-46e7-983e-7b773c867441,abaca0ad-932e-4fcf-85c5-e95c455177c4,bfa93048-6ef9-460d-874b-781560da6e82,renewal_successful,2025-08-05 00:23:16.128134,21.28,SAR
95931f74-d21a-4037-b0af-6ce061564597,0f19061b-208e-46e7-983e-7b773c867441,abaca0ad-932e-4fcf-85c5-e95c455177c4,bfa93048-6ef9-460d-874b-781560da6e82,renewal_successful,2025-09-04 00:23:16.128134,21.28,SAR
ebf05de0-dc5c-4e45-990a-686bf7f13462,0f19061b-208e-46e7-983e-7b773c867441,abaca0ad-932e-4fcf-85c5-e95c455177c4,bfa93048-6ef9-460d-874b-781560da6e82,renewal_successful,2025-10-04 00:23:16.128134,21.28,SAR
6255885a-c814-49fb-9863-d16f3b19aa36,32f11782-c18c-4db2-9ffc-962f0019f4b1,27188e07-2150-475c-b00f-8ab73d75e35a,99dc5b11-47ef-472f-8623-655a7d62a4e7,subscription_created,2024-11-27 09:23:18.550739,239.67,GBP
3ddbef55-e99b-432c-8f9e-a5b64b20144e,32f11782-c18c-4db2-9ffc-962f0019f4b1,27188e07-2150-475c-b00f-8ab73d75e35a,99dc5b11-47ef-472f-8623-655a7d62a4e7,renewal_successful,2025-02-25 09:23:18.550739,239.67,GBP
903c3ed1-66fb-4dc4-9d95-735e3786c2f2,32f11782-c18c-4db2-9ffc-962f0019f4b1,27188e07-2150-475c-b00f-8ab73d75e35a,99dc5b11-47ef-472f-8623-655a7d62a4e7,renewal_failed,2025-05-26 09:23:18.550739,0.0,GBP
c149d57c-a854-46e5-80b6-8a8b98d05913,32f11782-c18c-4db2-9ffc-962f0019f4b1,27188e07-2150-475c-b00f-8ab73d75e35a,99dc5b11-47ef-472f-8623-655a7d62a4e7,renewal_successful,2025-08-24 09:23:18.550739,239.67,GBP
73eef61a-c06c-4db1-8507-609e1fc2b7ad,3b29dca9-cd64-4a6c-87af-c89b18d1712a,081ca33d-e842-4927-8df5-3faf06c80418,d4eb4d34-9653-422f-866c-2b4dcbea3705,subscription_created,2024-12-10 06:30:22.100348,45.06,GBP
10c4f247-6562-4154-ae95-1f05f0fd9ab0,3b29dca9-cd64-4a6c-87af-c89b18d1712a,081ca33d-e842-4927-8df5-3faf06c80418,d4eb4d34-9653-422f-866c-2b4dcbea3705,renewal_successful,2025-01-09 06:30:22.100348,45.06,GBP
69ca55c7-57d5-4914-bf63-9b778dba5373,3b29dca9-cd64-4a6c-87af-c89b18d1712a,081ca33d-e842-4927-8df5-3faf06c80418,d4eb4d34-9653-422f-866c-2b4dcbea3705,renewal_successful,2025-02-08 06:30:22.100348,45.06,GBP
4249ffa5-196b-492f-9dc6-eb6e85d84261,3b29dca9-cd64-4a6c-87af-c89b18d1712a,081ca33d-e842-4927-8df5-3faf06c80418,d4eb4d34-9653-422f-866c-2b4dcbea3705,renewal_successful,2025-03-10 06:30:22.100348,45.06,GBP
b28a4ac0-3561-4721-94af-5ad2d20dbc2c,3b29dca9-cd64-4a6c-87af-c89b18d1712a,081ca33d-e842-4927-8df5-3faf06c80418,d4eb4d34-9653-422f-866c-2b4dcbea3705,renewal_successful,2025-04-09 06:30:22.100348,45.06,GBP
2f42d2c4-3bdd-4ef3-9d29-67060def6fa4,3b29dca9-cd64-4a6c-87af-c89b18d1712a,081ca33d-e842-4927-8df5-3faf06c80418,d4eb4d34-9653-422f-866c-2b4dcbea3705,renewal_successful,2025-05-09 06:30:22.100348,45.06,GBP
8697d23f-7c73-4f86-991b-bf39799ba974,3b29dca9-cd64-4a6c-87af-c89b18d1712a,081ca33d-e842-4927-8df5-3faf06c80418,d4eb4d34-9653-422f-866c-2b4dcbea3705,renewal_successful,2025-06-08 06:30:22.100348,45.06,GBP
99be870b-b65b-4bcb-a6ea-9986c8ea5f9b,3b29dca9-cd64-4a6c-87af-c89b18d1712a,081ca33d-e842-4927-8df5-3faf06c80418,d4eb4d34-9653-422f-866c-2b4dcbea3705,renewal_successful,2025-07-08 06:30:22.100348,45.06,GBP
26446b32-9307-49b6-ac6f-8aa2a51a36ab,3b29dca9-cd64-4a6c-87af-c89b18d1712a,081ca33d-e842-4927-8df5-3faf06c80418,d4eb4d34-9653-422f-866c-2b4dcbea3705,renewal_failed,2025-08-07 06:30:22.100348,0.0,GBP
e2e11171-3432-4317-8adf-e92202544faf,3b29dca9-cd64-4a6c-87af-c89b18d1712a,081ca33d-e842-4927-8df5-3faf06c80418,d4eb4d34-9653-422f-866c-2b4dcbea3705,subscription_cancelled,2025-08-14 06:30:22.100348,0.0,GBP
8c2c5592-6972-4c63-a2f7-84f7d95c80ed,dfe0928c-c232-49c3-9e9e-6510d9efc33a,b3414704-34ec-4d45-84ab-838e9e0d38c2,2efaa282-1fc8-451b-ae76-e2c036fb673f,subscription_created,2024-11-06 11:01:04.285444,294.44,SAR
e964e49e-4b46-479c-8b44-780b21b37bc2,052de59e-1beb-48a4-8d78-120330ea742d,407d357a-2a55-4e77-8d4a-138ef21d3e06,eb325a8d-dbbb-4a2c-8137-9e52f85e1228,subscription_created,2024-01-13 14:01:51.909247,26.48,USD
f28c2030-4b55-42ba-9baf-f7b1ca5dac2e,052de59e-1beb-48a4-8d78-120330ea742d,407d357a-2a55-4e77-8d4a-138ef21d3e06,eb325a8d-dbbb-4a2c-8137-9e52f85e1228,renewal_successful,2024-02-12 14:01:51.909247,26.48,USD
98bfd9a7-af46-4949-9900-940fc4170fdf,052de59e-1beb-48a4-8d78-120330ea742d,407d357a-2a55-4e77-8d4a-138ef21d3e06,eb325a8d-dbbb-4a2c-8137-9e52f85e1228,renewal_failed,2024-03-13 14:01:51.909247,0.0,USD
99710ca4-c7b0-4b52-b58e-56ab2ae4eb6d,052de59e-1beb-48a4-8d78-120330ea742d,407d357a-2a55-4e77-8d4a-138ef21d3e06,eb325a8d-dbbb-4a2c-8137-9e52f85e1228,subscription_cancelled,2024-03-20 14:01:51.909247,0.0,USD
87748710-110f-4d7d-b60b-9aca34c1bfe5,70ddce78-8e17-4d66-97ea-5ea5d413b34e,4f6cc21b-d426-444d-afd5-233cef230070,1388d719-d351-4216-b001-6d1c568604c7,subscription_created,2024-05-05 20:02:43.595448,228.23,GBP
f15e9033-5065-4c33-9822-ce1b1258d2e8,70ddce78-8e17-4d66-97ea-5ea5d413b34e,4f6cc21b-d426-444d-afd5-233cef230070,1388d719-d351-4216-b001-6d1c568604c7,renewal_successful,2024-08-03 20:02:43.595448,228.23,GBP
51f7ddc9-5774-4a7f-abcc-fd0ca8ebf129,70ddce78-8e17-4d66-97ea-5ea5d413b34e,4f6cc21b-d426-444d-afd5-233cef230070,1388d719-d351-4216-b001-6d1c568604c7,renewal_failed,2024-11-01 20:02:43.595448,0.0,GBP
9953c13b-9536-4ea9-9060-55cad2128b58,70ddce78-8e17-4d66-97ea-5ea5d413b34e,4f6cc21b-d426-444d-afd5-233cef230070,1388d719-d351-4216-b001-6d1c568604c7,subscription_cancelled,2024-11-08 20:02:43.595448,0.0,GBP
2bb44ee6-d4bd-44d9-8420-07802b30f428,521849c6-2d89-4429-8427-f3f8af8feabf,27188e07-2150-475c-b00f-8ab73d75e35a,22ff9e60-a7ad-41b7-aa65-d40f402c9167,subscription_created,2023-10-27 03:38:14.512724,239.67,GBP
2fa0c8b3-647a-4a09-99d3-4aceeb6b1015,521849c6-2d89-4429-8427-f3f8af8feabf,27188e07-2150-475c-b00f-8ab73d75e35a,22ff9e60-a7ad-41b7-aa65-d40f402c9167,renewal_successful,2024-01-25 03:38:14.512724,239.67,GBP
01f22da4-dc57-454b-a3f7-983dc7e6e37f,521849c6-2d89-4429-8427-f3f8af8feabf,27188e07-2150-475c-b00f-8ab73d75e35a,22ff9e60-a7ad-41b7-aa65-d40f402c9167,renewal_successful,2024-04-24 03:38:14.512724,239.67,GBP
6dde4661-6b57-4abe-8886-337d926541a0,521849c6-2d89-4429-8427-f3f8af8feabf,27188e07-2150-475c-b00f-8ab73d75e35a,22ff9e60-a7ad-41b7-aa65-d40f402c9167,renewal_failed,2024-07-23 03:38:14.512724,0.0,GBP
2a4ba82c-fc3e-4a57-b0fc-8665e603a856,521849c6-2d89-4429-8427-f3f8af8feabf,27188e07-2150-475c-b00f-8ab73d75e35a,22ff9e60-a7ad-41b7-aa65-d40f402c9167,subscription_cancelled,2024-07-30 03:38:14.512724,0.0,GBP
53eee963-a69e-48f2-87e2-3e245138631e,1a63128e-c640-427d-a735-09b827e5cddb,ab29b7ca-c7ea-4e0f-a26e-f9a79220339f,f3c50a38-0514-4c4b-a21f-7792547f767a,subscription_created,2024-10-22 03:12:56.660841,90.11,GBP
9eb1bd76-bb56-45c4-b2e8-9905a82e6c24,1a63128e-c640-427d-a735-09b827e5cddb,ab29b7ca-c7ea-4e0f-a26e-f9a79220339f,f3c50a38-0514-4c4b-a21f-7792547f767a,renewal_successful,2024-11-21 03:12:56.660841,90.11,GBP
9bf16532-0d0f-4857-8315-74a61236d6c5,1a63128e-c640-427d-a735-09b827e5cddb,ab29b7ca-c7ea-4e0f-a26e-f9a79220339f,f3c50a38-0514-4c4b-a21f-7792547f767a,renewal_successful,2024-12-21 03:12:56.660841,90.11,GBP
094bbd59-337d-4764-9ea5-03b555d2d5ef,1a63128e-c640-427d-a735-09b827e5cddb,ab29b7ca-c7ea-4e0f-a26e-f9a79220339f,f3c50a38-0514-4c4b-a21f-7792547f767a,renewal_successful,2025-01-20 03:12:56.660841,90.11,GBP
a7c7410a-07df-4174-8e8f-c28726df1e31,1a63128e-c640-427d-a735-09b827e5cddb,ab29b7ca-c7ea-4e0f-a26e-f9a79220339f,f3c50a38-0514-4c4b-a21f-7792547f767a,renewal_successful,2025-02-19 03:12:56.660841,90.11,GBP
b9fa898a-ee1e-426c-a722-a096416ddc20,1a63128e-c640-427d-a735-09b827e5cddb,ab29b7ca-c7ea-4e0f-a26e-f9a79220339f,f3c50a38-0514-4c4b-a21f-7792547f767a,renewal_successful,2025-03-21 03:12:56.660841,90.11,GBP
20bc6922-a477-4c6f-be75-e492650ef469,1a63128e-c640-427d-a735-09b827e5cddb,ab29b7ca-c7ea-4e0f-a26e-f9a79220339f,f3c50a38-0514-4c4b-a21f-7792547f767a,renewal_successful,2025-04-20 03:12:56.660841,90.11,GBP
b27ffc79-58ca-4b07-98c2-77baf4a6d50b,1a63128e-c640-427d-a735-09b827e5cddb,ab29b7ca-c7ea-4e0f-a26e-f9a79220339f,f3c50a38-0514-4c4b-a21f-7792547f767a,renewal_successful,2025-05-20 03:12:56.660841,90.11,GBP
6e347efd-2547-4817-8d5b-04361d4c9fcd,1a63128e-c640-427d-a735-09b827e5cddb,ab29b7ca-c7ea-4e0f-a26e-f9a79220339f,f3c50a38-0514-4c4b-a21f-7792547f767a,renewal_successful,2025-06-19 03:12:56.660841,90.11,GBP
d7a86764-ad95-4485-90fe-8d769b709039,1a63128e-c640-427d-a735-09b827e5cddb,ab29b7ca-c7ea-4e0f-a26e-f9a79220339f,f3c50a38-0514-4c4b-a21f-7792547f767a,renewal_successful,2025-07-19 03:12:56.660841,90.11,GBP
886a9110-ca6d-45b6-874e-3a1b00165769,1a63128e-c640-427d-a735-09b827e5cddb,ab29b7ca-c7ea-4e0f-a26e-f9a79220339f,f3c50a38-0514-4c4b-a21f-7792547f767a,renewal_failed,2025-08-18 03:12:56.660841,0.0,GBP
57183f7d-dc43-4f00-b2f1-7ecc2584e31a,1a63128e-c640-427d-a735-09b827e5cddb,ab29b7ca-c7ea-4e0f-a26e-f9a79220339f,f3c50a38-0514-4c4b-a21f-7792547f767a,subscription_cancelled,2025-08-25 03:12:56.660841,0.0,GBP
5df1855e-7629-47d2-b698-1e0f03c9732e,ee4e3109-1fe8-4aeb-9515-b99c5ab5cf68,dab1f810-c35d-41fe-8ae5-16d5c3f122a3,da599cf7-9f66-456a-a07b-71ffafa08d49,subscription_created,2024-02-27 23:22:00.449438,874.71,MXN
4c51309e-9d22-4bec-b9cd-2ba82a9b7de9,ee4e3109-1fe8-4aeb-9515-b99c5ab5cf68,dab1f810-c35d-41fe-8ae5-16d5c3f122a3,da599cf7-9f66-456a-a07b-71ffafa08d49,renewal_successful,2025-02-26 23:22:00.449438,874.71,MXN
848b1a0d-2872-4a7a-974e-e60e80aac6ad,587792e9-35e3-417c-bcdd-74a1ca575e5c,081ca33d-e842-4927-8df5-3faf06c80418,4f081e9c-1b58-48a4-b061-a2f0ea6c2b1f,subscription_created,2024-09-11 11:37:26.747816,45.06,GBP
5f7cd36e-055d-43f6-bc41-e9e027936e6c,587792e9-35e3-417c-bcdd-74a1ca575e5c,081ca33d-e842-4927-8df5-3faf06c80418,4f081e9c-1b58-48a4-b061-a2f0ea6c2b1f,renewal_successful,2024-10-11 11:37:26.747816,45.06,GBP
aeaf3e6a-5e2e-4a53-adba-0386b994d52d,587792e9-35e3-417c-bcdd-74a1ca575e5c,081ca33d-e842-4927-8df5-3faf06c80418,4f081e9c-1b58-48a4-b061-a2f0ea6c2b1f,renewal_successful,2024-11-10 11:37:26.747816,45.06,GBP
e876af4e-0baf-4671-8dfb-c17cbfc59be7,587792e9-35e3-417c-bcdd-74a1ca575e5c,081ca33d-e842-4927-8df5-3faf06c80418,4f081e9c-1b58-48a4-b061-a2f0ea6c2b1f,renewal_successful,2024-12-10 11:37:26.747816,45.06,GBP
8252b94e-5869-45b4-94be-360fa1c7785d,587792e9-35e3-417c-bcdd-74a1ca575e5c,081ca33d-e842-4927-8df5-3faf06c80418,4f081e9c-1b58-48a4-b061-a2f0ea6c2b1f,renewal_successful,2025-01-09 11:37:26.747816,45.06,GBP
38c818bc-6d70-4f5c-b8b8-9a83351fe4e5,587792e9-35e3-417c-bcdd-74a1ca575e5c,081ca33d-e842-4927-8df5-3faf06c80418,4f081e9c-1b58-48a4-b061-a2f0ea6c2b1f,renewal_successful,2025-02-08 11:37:26.747816,45.06,GBP
0cfc4b4c-812c-4272-a15b-f1731955c906,587792e9-35e3-417c-bcdd-74a1ca575e5c,081ca33d-e842-4927-8df5-3faf06c80418,4f081e9c-1b58-48a4-b061-a2f0ea6c2b1f,renewal_successful,2025-03-10 11:37:26.747816,45.06,GBP
b56c705a-02cc-4b9b-8e7e-d03fa4fd238e,587792e9-35e3-417c-bcdd-74a1ca575e5c,081ca33d-e842-4927-8df5-3faf06c80418,4f081e9c-1b58-48a4-b061-a2f0ea6c2b1f,renewal_successful,2025-04-09 11:37:26.747816,45.06,GBP
09cd4d36-1535-494b-ae8f-2e7641214f01,587792e9-35e3-417c-bcdd-74a1ca575e5c,081ca33d-e842-4927-8df5-3faf06c80418,4f081e9c-1b58-48a4-b061-a2f0ea6c2b1f,renewal_successful,2025-05-09 11:37:26.747816,45.06,GBP
125548c6-9224-40dd-b6e9-cd134bc92aba,587792e9-35e3-417c-bcdd-74a1ca575e5c,081ca33d-e842-4927-8df5-3faf06c80418,4f081e9c-1b58-48a4-b061-a2f0ea6c2b1f,renewal_successful,2025-06-08 11:37:26.747816,45.06,GBP
be86e3bc-7bd3-474a-96b6-1d8ec9cc0338,587792e9-35e3-417c-bcdd-74a1ca575e5c,081ca33d-e842-4927-8df5-3faf06c80418,4f081e9c-1b58-48a4-b061-a2f0ea6c2b1f,renewal_successful,2025-07-08 11:37:26.747816,45.06,GBP
5f73ff2d-a5eb-41b1-95e8-b1efc5bdd705,587792e9-35e3-417c-bcdd-74a1ca575e5c,081ca33d-e842-4927-8df5-3faf06c80418,4f081e9c-1b58-48a4-b061-a2f0ea6c2b1f,renewal_successful,2025-08-07 11:37:26.747816,45.06,GBP
81fa0757-5d6b-41a0-8cd2-bfaebf6e6f4e,587792e9-35e3-417c-bcdd-74a1ca575e5c,081ca33d-e842-4927-8df5-3faf06c80418,4f081e9c-1b58-48a4-b061-a2f0ea6c2b1f,renewal_successful,2025-09-06 11:37:26.747816,45.06,GBP
ce33cf87-c71d-41ec-bc10-d8f801a19de6,587792e9-35e3-417c-bcdd-74a1ca575e5c,081ca33d-e842-4927-8df5-3faf06c80418,4f081e9c-1b58-48a4-b061-a2f0ea6c2b1f,renewal_successful,2025-10-06 11:37:26.747816,45.06,GBP
c3bee0f4-7a89-40d3-81e2-4000a6e74008,6a13ec37-3015-4e64-9733-f521f1a1ef13,fb20d0de-24a2-4881-8f76-826c3abd26d2,29a3c5f1-ffdf-4524-b029-f4ea0da61c1a,subscription_created,2024-12-15 01:48:54.599214,98.92,EUR
66ab22b4-9141-4fa9-a8bf-0449de0bbb0d,6a13ec37-3015-4e64-9733-f521f1a1ef13,fb20d0de-24a2-4881-8f76-826c3abd26d2,29a3c5f1-ffdf-4524-b029-f4ea0da61c1a,renewal_successful,2025-03-15 01:48:54.599214,98.92,EUR
f7006b0e-9da0-4e6d-8bc7-f7a7248a6a63,6a13ec37-3015-4e64-9733-f521f1a1ef13,fb20d0de-24a2-4881-8f76-826c3abd26d2,29a3c5f1-ffdf-4524-b029-f4ea0da61c1a,renewal_successful,2025-06-13 01:48:54.599214,98.92,EUR
90e02ce2-8052-4fde-b80c-0789dbe162f5,6a13ec37-3015-4e64-9733-f521f1a1ef13,fb20d0de-24a2-4881-8f76-826c3abd26d2,29a3c5f1-ffdf-4524-b029-f4ea0da61c1a,renewal_successful,2025-09-11 01:48:54.599214,98.92,EUR
872c8936-87fb-4cb1-a317-12b7fe790629,2a42375a-8c35-4296-85f5-d1542d90bfa1,c3d04727-fdbb-4a43-b126-b56e197d1282,936a2efa-6abf-42e4-906f-eb6b116ad6fb,subscription_created,2023-12-23 23:25:18.456301,98.43,EUR
122ad6f9-60f3-4a9c-b90d-86909b48dc27,2a42375a-8c35-4296-85f5-d1542d90bfa1,c3d04727-fdbb-4a43-b126-b56e197d1282,936a2efa-6abf-42e4-906f-eb6b116ad6fb,renewal_successful,2024-01-22 23:25:18.456301,98.43,EUR
0c7bb4f7-ed7a-42b4-9c05-e0d1c3b23a42,2a42375a-8c35-4296-85f5-d1542d90bfa1,c3d04727-fdbb-4a43-b126-b56e197d1282,936a2efa-6abf-42e4-906f-eb6b116ad6fb,renewal_successful,2024-02-21 23:25:18.456301,98.43,EUR
9050624c-fe28-4ea3-81b0-26677157cda9,2a42375a-8c35-4296-85f5-d1542d90bfa1,c3d04727-fdbb-4a43-b126-b56e197d1282,936a2efa-6abf-42e4-906f-eb6b116ad6fb,renewal_failed,2024-03-22 23:25:18.456301,0.0,EUR
4b97be15-494b-449c-a9ce-47eca7f02279,2a42375a-8c35-4296-85f5-d1542d90bfa1,c3d04727-fdbb-4a43-b126-b56e197d1282,936a2efa-6abf-42e4-906f-eb6b116ad6fb,subscription_cancelled,2024-03-29 23:25:18.456301,0.0,EUR
8c3dcd02-2cb4-4ccb-bbb0-15a5dd0c83a9,a8d61a32-e29d-4f45-b1a3-056765dd939f,081ca33d-e842-4927-8df5-3faf06c80418,00505d2a-2f5b-486f-b9d0-f298b75ea257,subscription_created,2024-06-06 02:07:35.357172,45.06,GBP
f2bbebdc-a26e-459a-972d-aa1373b17d87,a8d61a32-e29d-4f45-b1a3-056765dd939f,081ca33d-e842-4927-8df5-3faf06c80418,00505d2a-2f5b-486f-b9d0-f298b75ea257,renewal_successful,2024-07-06 02:07:35.357172,45.06,GBP
5c75ffcc-8ff0-409d-8690-2c50a1b93878,a8d61a32-e29d-4f45-b1a3-056765dd939f,081ca33d-e842-4927-8df5-3faf06c80418,00505d2a-2f5b-486f-b9d0-f298b75ea257,renewal_successful,2024-08-05 02:07:35.357172,45.06,GBP
b36af9b4-4f1f-40f4-ba46-0c268480d768,a8d61a32-e29d-4f45-b1a3-056765dd939f,081ca33d-e842-4927-8df5-3faf06c80418,00505d2a-2f5b-486f-b9d0-f298b75ea257,renewal_successful,2024-09-04 02:07:35.357172,45.06,GBP
b3869aed-c153-4a61-8217-1d9d0b7a843f,a8d61a32-e29d-4f45-b1a3-056765dd939f,081ca33d-e842-4927-8df5-3faf06c80418,00505d2a-2f5b-486f-b9d0-f298b75ea257,renewal_successful,2024-10-04 02:07:35.357172,45.06,GBP
5f460178-cbe3-4e93-bf9f-2d4d16bf57ed,a8d61a32-e29d-4f45-b1a3-056765dd939f,081ca33d-e842-4927-8df5-3faf06c80418,00505d2a-2f5b-486f-b9d0-f298b75ea257,renewal_successful,2024-11-03 02:07:35.357172,45.06,GBP
5c3bda9e-5936-46e2-a80d-5b8a288f7f1e,a8d61a32-e29d-4f45-b1a3-056765dd939f,081ca33d-e842-4927-8df5-3faf06c80418,00505d2a-2f5b-486f-b9d0-f298b75ea257,renewal_successful,2024-12-03 02:07:35.357172,45.06,GBP
52283daa-93ef-43b2-91e2-c6a38d04b323,a8d61a32-e29d-4f45-b1a3-056765dd939f,081ca33d-e842-4927-8df5-3faf06c80418,00505d2a-2f5b-486f-b9d0-f298b75ea257,renewal_successful,2025-01-02 02:07:35.357172,45.06,GBP
828b0324-a64e-458a-bce6-4d694dcac0c3,a8d61a32-e29d-4f45-b1a3-056765dd939f,081ca33d-e842-4927-8df5-3faf06c80418,00505d2a-2f5b-486f-b9d0-f298b75ea257,renewal_successful,2025-02-01 02:07:35.357172,45.06,GBP
ce4f1c13-9ecc-40d8-9cdc-50ed9eecac42,a8d61a32-e29d-4f45-b1a3-056765dd939f,081ca33d-e842-4927-8df5-3faf06c80418,00505d2a-2f5b-486f-b9d0-f298b75ea257,renewal_successful,2025-03-03 02:07:35.357172,45.06,GBP
e396b286-af25-40d7-aff9-e26750618c96,a8d61a32-e29d-4f45-b1a3-056765dd939f,081ca33d-e842-4927-8df5-3faf06c80418,00505d2a-2f5b-486f-b9d0-f298b75ea257,renewal_successful,2025-04-02 02:07:35.357172,45.06,GBP
cf5ea9bb-a597-42a0-a299-a8d9822ff38f,a8d61a32-e29d-4f45-b1a3-056765dd939f,081ca33d-e842-4927-8df5-3faf06c80418,00505d2a-2f5b-486f-b9d0-f298b75ea257,renewal_successful,2025-05-02 02:07:35.357172,45.06,GBP
eb8af37e-dabe-4ced-8bca-cf5487cddf86,a8d61a32-e29d-4f45-b1a3-056765dd939f,081ca33d-e842-4927-8df5-3faf06c80418,00505d2a-2f5b-486f-b9d0-f298b75ea257,renewal_successful,2025-06-01 02:07:35.357172,45.06,GBP
6f3fae0e-9d9e-4ac7-a177-5305eb664988,a8d61a32-e29d-4f45-b1a3-056765dd939f,081ca33d-e842-4927-8df5-3faf06c80418,00505d2a-2f5b-486f-b9d0-f298b75ea257,renewal_successful,2025-07-01 02:07:35.357172,45.06,GBP
9a6251b4-40d8-41c4-9de7-62c9987a3d94,a8d61a32-e29d-4f45-b1a3-056765dd939f,081ca33d-e842-4927-8df5-3faf06c80418,00505d2a-2f5b-486f-b9d0-f298b75ea257,renewal_successful,2025-07-31 02:07:35.357172,45.06,GBP
d8954b83-ab96-4944-8979-88a518cc2fed,a8d61a32-e29d-4f45-b1a3-056765dd939f,081ca33d-e842-4927-8df5-3faf06c80418,00505d2a-2f5b-486f-b9d0-f298b75ea257,renewal_successful,2025-08-30 02:07:35.357172,45.06,GBP
0dc899a0-95fb-40da-8f48-901ab97c1332,a8d61a32-e29d-4f45-b1a3-056765dd939f,081ca33d-e842-4927-8df5-3faf06c80418,00505d2a-2f5b-486f-b9d0-f298b75ea257,renewal_failed,2025-09-29 02:07:35.357172,0.0,GBP
a903d201-c966-4b24-8ee2-3b3abc216506,916bdf30-2d46-4187-9f72-d73ca0d35d60,8ace7b42-b2a6-48a8-8863-ec3e7369d428,407830d2-2ddb-4ad1-88c6-d933c0704d61,subscription_created,2024-06-29 07:03:17.138669,279.92,USD
9ea0da03-a7af-486c-a525-cdf6065bdaec,916bdf30-2d46-4187-9f72-d73ca0d35d60,8ace7b42-b2a6-48a8-8863-ec3e7369d428,407830d2-2ddb-4ad1-88c6-d933c0704d61,renewal_successful,2025-06-29 07:03:17.138669,279.92,USD
ffd616a8-ae0f-4477-8454-9897790df328,13abd5d8-8bae-4ae7-bae5-2fd1af36a614,48ab31e5-c689-44ab-b3fe-68fed064ad8a,407830d2-2ddb-4ad1-88c6-d933c0704d61,subscription_created,2025-01-19 08:18:43.482327,71.97,USD
d6f572a4-0461-4174-b5b4-d04199bfbb8d,13abd5d8-8bae-4ae7-bae5-2fd1af36a614,48ab31e5-c689-44ab-b3fe-68fed064ad8a,407830d2-2ddb-4ad1-88c6-d933c0704d61,renewal_successful,2025-04-19 08:18:43.482327,71.97,USD
fa6c2204-eb4e-4202-8bf2-1a2dd1e09be5,13abd5d8-8bae-4ae7-bae5-2fd1af36a614,48ab31e5-c689-44ab-b3fe-68fed064ad8a,407830d2-2ddb-4ad1-88c6-d933c0704d61,renewal_successful,2025-07-18 08:18:43.482327,71.97,USD
44d88951-5144-47f8-8e92-87c3f424bd61,f2ff048e-6ea5-48b0-91c0-ef7fabf8b51a,c3d04727-fdbb-4a43-b126-b56e197d1282,a9870ea4-3e0b-4190-8cc8-89e09408570a,subscription_created,2025-03-17 22:47:19.819976,98.43,EUR
652dd8bd-71d6-4f7c-b0ce-54c6ffd84dc2,f2ff048e-6ea5-48b0-91c0-ef7fabf8b51a,c3d04727-fdbb-4a43-b126-b56e197d1282,a9870ea4-3e0b-4190-8cc8-89e09408570a,renewal_successful,2025-04-16 22:47:19.819976,98.43,EUR
86b2643a-ceeb-49b9-8c56-644db64b6bcd,f2ff048e-6ea5-48b0-91c0-ef7fabf8b51a,c3d04727-fdbb-4a43-b126-b56e197d1282,a9870ea4-3e0b-4190-8cc8-89e09408570a,renewal_successful,2025-05-16 22:47:19.819976,98.43,EUR
194c6ceb-afcb-4c18-a766-42bbd542c753,f2ff048e-6ea5-48b0-91c0-ef7fabf8b51a,c3d04727-fdbb-4a43-b126-b56e197d1282,a9870ea4-3e0b-4190-8cc8-89e09408570a,renewal_successful,2025-06-15 22:47:19.819976,98.43,EUR
7e3cd60a-b863-4dd9-a59b-2678f2c08939,f2ff048e-6ea5-48b0-91c0-ef7fabf8b51a,c3d04727-fdbb-4a43-b126-b56e197d1282,a9870ea4-3e0b-4190-8cc8-89e09408570a,renewal_successful,2025-07-15 22:47:19.819976,98.43,EUR
0df12929-6a57-4669-83b3-2a988e8a1b49,f2ff048e-6ea5-48b0-91c0-ef7fabf8b51a,c3d04727-fdbb-4a43-b126-b56e197d1282,a9870ea4-3e0b-4190-8cc8-89e09408570a,renewal_successful,2025-08-14 22:47:19.819976,98.43,EUR
4e771641-a347-469f-a775-0642989a39a5,f2ff048e-6ea5-48b0-91c0-ef7fabf8b51a,c3d04727-fdbb-4a43-b126-b56e197d1282,a9870ea4-3e0b-4190-8cc8-89e09408570a,renewal_failed,2025-09-13 22:47:19.819976,0.0,EUR
a1daecf5-e69f-4791-91f0-d795e101bece,f2ff048e-6ea5-48b0-91c0-ef7fabf8b51a,c3d04727-fdbb-4a43-b126-b56e197d1282,a9870ea4-3e0b-4190-8cc8-89e09408570a,subscription_cancelled,2025-09-20 22:47:19.819976,0.0,EUR
d9347b6c-342e-4fb7-ab76-71b79393ae19,99c768b4-6136-447d-87de-4e65aa46a03a,c2f0cdde-09f5-42b0-8300-b6bd09e92d24,2d922476-4e06-44b3-85bd-c28e335bfded,subscription_created,2024-03-15 12:16:24.437698,180.02,EUR
154f1885-ca93-4b1a-a85d-3efd3072c503,99c768b4-6136-447d-87de-4e65aa46a03a,c2f0cdde-09f5-42b0-8300-b6bd09e92d24,2d922476-4e06-44b3-85bd-c28e335bfded,renewal_successful,2024-06-13 12:16:24.437698,180.02,EUR
2fbe40c2-e596-4bf2-95f0-8fb296bb0276,99c768b4-6136-447d-87de-4e65aa46a03a,c2f0cdde-09f5-42b0-8300-b6bd09e92d24,2d922476-4e06-44b3-85bd-c28e335bfded,renewal_successful,2024-09-11 12:16:24.437698,180.02,EUR
24c8412d-bdd3-4fe2-817c-782411b9a437,99c768b4-6136-447d-87de-4e65aa46a03a,c2f0cdde-09f5-42b0-8300-b6bd09e92d24,2d922476-4e06-44b3-85bd-c28e335bfded,renewal_successful,2024-12-10 12:16:24.437698,180.02,EUR
3038f157-5ccb-4ed9-a7cb-c3dc4eb92e45,99c768b4-6136-447d-87de-4e65aa46a03a,c2f0cdde-09f5-42b0-8300-b6bd09e92d24,2d922476-4e06-44b3-85bd-c28e335bfded,renewal_successful,2025-03-10 12:16:24.437698,180.02,EUR
784acc2f-fb2a-4b4d-bc60-a7f6380c5263,99c768b4-6136-447d-87de-4e65aa46a03a,c2f0cdde-09f5-42b0-8300-b6bd09e92d24,2d922476-4e06-44b3-85bd-c28e335bfded,renewal_successful,2025-06-08 12:16:24.437698,180.02,EUR
5fc716b6-9656-4a92-a409-e748b669fa60,99c768b4-6136-447d-87de-4e65aa46a03a,c2f0cdde-09f5-42b0-8300-b6bd09e92d24,2d922476-4e06-44b3-85bd-c28e335bfded,renewal_successful,2025-09-06 12:16:24.437698,180.02,EUR
3c590a5e-a92c-4a8e-adb8-978a1233f34f,2a0e1f4c-9e05-4a4c-af15-c832dd76f038,ada1ddaa-52e1-451d-a8a8-c11f2d99821a,ffa385b8-5c2d-4773-98f3-4d223d44660d,subscription_created,2024-01-12 13:21:27.562501,565.66,EUR
807d03c3-1763-45c9-b5a2-8bd6385688c0,2a0e1f4c-9e05-4a4c-af15-c832dd76f038,ada1ddaa-52e1-451d-a8a8-c11f2d99821a,ffa385b8-5c2d-4773-98f3-4d223d44660d,renewal_successful,2025-01-11 13:21:27.562501,565.66,EUR
56fde1ed-2303-4790-8748-7f4efa9bb0cb,aab959a1-001f-415c-be4b-c77f7287b6ed,407d357a-2a55-4e77-8d4a-138ef21d3e06,96f10011-6fdd-47d0-8c71-5a5520110447,subscription_created,2024-04-14 04:44:40.706146,26.48,USD
e7144c94-8fa9-4a23-8ee9-52ad00f4f4da,aab959a1-001f-415c-be4b-c77f7287b6ed,407d357a-2a55-4e77-8d4a-138ef21d3e06,96f10011-6fdd-47d0-8c71-5a5520110447,renewal_successful,2024-05-14 04:44:40.706146,26.48,USD
bc02e150-6da4-4c58-b394-c63b113b590f,aab959a1-001f-415c-be4b-c77f7287b6ed,407d357a-2a55-4e77-8d4a-138ef21d3e06,96f10011-6fdd-47d0-8c71-5a5520110447,renewal_successful,2024-06-13 04:44:40.706146,26.48,USD
7947a1df-22bb-43ca-a0d1-8f45b21a6f2b,aab959a1-001f-415c-be4b-c77f7287b6ed,407d357a-2a55-4e77-8d4a-138ef21d3e06,96f10011-6fdd-47d0-8c71-5a5520110447,renewal_successful,2024-07-13 04:44:40.706146,26.48,USD
3a0de80b-4e50-4fca-9d9d-663eed79bab4,aab959a1-001f-415c-be4b-c77f7287b6ed,407d357a-2a55-4e77-8d4a-138ef21d3e06,96f10011-6fdd-47d0-8c71-5a5520110447,renewal_successful,2024-08-12 04:44:40.706146,26.48,USD
85992533-1208-4486-a970-580dab557ee1,aab959a1-001f-415c-be4b-c77f7287b6ed,407d357a-2a55-4e77-8d4a-138ef21d3e06,96f10011-6fdd-47d0-8c71-5a5520110447,renewal_failed,2024-09-11 04:44:40.706146,0.0,USD
2c6fc28d-2fe6-496f-8ead-658d91961767,aab959a1-001f-415c-be4b-c77f7287b6ed,407d357a-2a55-4e77-8d4a-138ef21d3e06,96f10011-6fdd-47d0-8c71-5a5520110447,renewal_failed,2024-10-11 04:44:40.706146,0.0,USD
97a6855e-c4d7-4aa8-afa0-b1fa2fc4c2f9,aab959a1-001f-415c-be4b-c77f7287b6ed,407d357a-2a55-4e77-8d4a-138ef21d3e06,96f10011-6fdd-47d0-8c71-5a5520110447,renewal_successful,2024-11-10 04:44:40.706146,26.48,USD
82b6ec54-6439-4057-b258-088950da39dd,aab959a1-001f-415c-be4b-c77f7287b6ed,407d357a-2a55-4e77-8d4a-138ef21d3e06,96f10011-6fdd-47d0-8c71-5a5520110447,renewal_successful,2024-12-10 04:44:40.706146,26.48,USD
0521ca9c-6bd5-4d74-bf68-3c44d55cddf5,aab959a1-001f-415c-be4b-c77f7287b6ed,407d357a-2a55-4e77-8d4a-138ef21d3e06,96f10011-6fdd-47d0-8c71-5a5520110447,renewal_successful,2025-01-09 04:44:40.706146,26.48,USD
3ba2cf77-bdc5-4f01-bc0a-9fcb5399139b,aab959a1-001f-415c-be4b-c77f7287b6ed,407d357a-2a55-4e77-8d4a-138ef21d3e06,96f10011-6fdd-47d0-8c71-5a5520110447,renewal_successful,2025-02-08 04:44:40.706146,26.48,USD
6ff3c11d-5173-44f8-bcfd-282cc4f84e12,aab959a1-001f-415c-be4b-c77f7287b6ed,407d357a-2a55-4e77-8d4a-138ef21d3e06,96f10011-6fdd-47d0-8c71-5a5520110447,renewal_successful,2025-03-10 04:44:40.706146,26.48,USD
3705b016-322a-4953-bc1f-c7ec4f78f5ba,aab959a1-001f-415c-be4b-c77f7287b6ed,407d357a-2a55-4e77-8d4a-138ef21d3e06,96f10011-6fdd-47d0-8c71-5a5520110447,renewal_successful,2025-04-09 04:44:40.706146,26.48,USD
2b23eebb-f80d-4975-a291-02f49f951a10,aab959a1-001f-415c-be4b-c77f7287b6ed,407d357a-2a55-4e77-8d4a-138ef21d3e06,96f10011-6fdd-47d0-8c71-5a5520110447,renewal_successful,2025-05-09 04:44:40.706146,26.48,USD
78f60db4-2a7c-4363-b698-2c70fa52db49,aab959a1-001f-415c-be4b-c77f7287b6ed,407d357a-2a55-4e77-8d4a-138ef21d3e06,96f10011-6fdd-47d0-8c71-5a5520110447,renewal_successful,2025-06-08 04:44:40.706146,26.48,USD
2a47d743-1940-4ace-964e-c1716f196cf4,aab959a1-001f-415c-be4b-c77f7287b6ed,407d357a-2a55-4e77-8d4a-138ef21d3e06,96f10011-6fdd-47d0-8c71-5a5520110447,renewal_successful,2025-07-08 04:44:40.706146,26.48,USD
05cd7250-56fa-48ee-b233-af1180ef90d5,aab959a1-001f-415c-be4b-c77f7287b6ed,407d357a-2a55-4e77-8d4a-138ef21d3e06,96f10011-6fdd-47d0-8c71-5a5520110447,renewal_successful,2025-08-07 04:44:40.706146,26.48,USD
bfa772d2-aeef-4eb1-b143-3bfa055e6739,aab959a1-001f-415c-be4b-c77f7287b6ed,407d357a-2a55-4e77-8d4a-138ef21d3e06,96f10011-6fdd-47d0-8c71-5a5520110447,renewal_successful,2025-09-06 04:44:40.706146,26.48,USD
0fdb2ee8-e20e-4ef5-862a-64b542a0f0af,aab959a1-001f-415c-be4b-c77f7287b6ed,407d357a-2a55-4e77-8d4a-138ef21d3e06,96f10011-6fdd-47d0-8c71-5a5520110447,renewal_successful,2025-10-06 04:44:40.706146,26.48,USD
6a8a0043-40a3-4ea4-a23c-dced26164e51,e58a9b19-8db3-4a9b-8a7c-e0cf8fd8b93a,ada1ddaa-52e1-451d-a8a8-c11f2d99821a,011701cd-f3cf-40f3-aa28-8f3d4af3a372,subscription_created,2024-03-04 05:49:21.979078,565.66,EUR
6acf640e-0a28-49b6-9faf-4dea954db712,e58a9b19-8db3-4a9b-8a7c-e0cf8fd8b93a,ada1ddaa-52e1-451d-a8a8-c11f2d99821a,011701cd-f3cf-40f3-aa28-8f3d4af3a372,renewal_successful,2025-03-04 05:49:21.979078,565.66,EUR
01eb3e72-4a7e-4300-b5b5-f31f8d7ee462,eb451ce4-ff99-4835-8dd8-15aa7806b778,c2f0cdde-09f5-42b0-8300-b6bd09e92d24,6526038e-ee05-4e27-b69f-81999b0c1862,subscription_created,2024-07-04 00:16:50.944897,180.02,EUR
7078b50e-fb81-4d07-959e-68b6e3c23275,eb451ce4-ff99-4835-8dd8-15aa7806b778,c2f0cdde-09f5-42b0-8300-b6bd09e92d24,6526038e-ee05-4e27-b69f-81999b0c1862,renewal_successful,2024-10-02 00:16:50.944897,180.02,EUR
30bb58a9-d62f-4ff4-ace8-56daf5a0973e,eb451ce4-ff99-4835-8dd8-15aa7806b778,c2f0cdde-09f5-42b0-8300-b6bd09e92d24,6526038e-ee05-4e27-b69f-81999b0c1862,renewal_successful,2024-12-31 00:16:50.944897,180.02,EUR
c8c15ecb-0037-4a6a-918f-95747c2c08fe,eb451ce4-ff99-4835-8dd8-15aa7806b778,c2f0cdde-09f5-42b0-8300-b6bd09e92d24,6526038e-ee05-4e27-b69f-81999b0c1862,renewal_successful,2025-03-31 00:16:50.944897,180.02,EUR
07f8bb04-8749-4598-85c2-9a7fbdf5bc68,eb451ce4-ff99-4835-8dd8-15aa7806b778,c2f0cdde-09f5-42b0-8300-b6bd09e92d24,6526038e-ee05-4e27-b69f-81999b0c1862,renewal_successful,2025-06-29 00:16:50.944897,180.02,EUR
e6e36817-3d4b-46f9-bf9b-8efc81985cf0,eb451ce4-ff99-4835-8dd8-15aa7806b778,c2f0cdde-09f5-42b0-8300-b6bd09e92d24,6526038e-ee05-4e27-b69f-81999b0c1862,renewal_successful,2025-09-27 00:16:50.944897,180.02,EUR
7dc1ce97-65a4-4794-a19e-5e4857b415b4,7d800b4a-29ca-4c4f-81ca-9dafce531d01,b3414704-34ec-4d45-84ab-838e9e0d38c2,e07d3db4-41c8-4d60-aaae-0dc8ef1445bc,subscription_created,2024-09-08 17:07:33.134398,294.44,SAR
5d363e29-9fb6-4380-a962-564e96ba7474,7d800b4a-29ca-4c4f-81ca-9dafce531d01,b3414704-34ec-4d45-84ab-838e9e0d38c2,e07d3db4-41c8-4d60-aaae-0dc8ef1445bc,renewal_successful,2025-09-08 17:07:33.134398,294.44,SAR
58395ceb-fe5d-4669-92e5-3c40a717c5a3,117d4e87-1f53-43af-a472-6ff27cceb1af,c2f0cdde-09f5-42b0-8300-b6bd09e92d24,450e3266-82d4-46cb-96c4-91668dd8dca3,subscription_created,2025-04-21 03:32:24.434278,180.02,EUR
45eede36-b6cc-47b5-af7b-be2bfad25e81,117d4e87-1f53-43af-a472-6ff27cceb1af,c2f0cdde-09f5-42b0-8300-b6bd09e92d24,450e3266-82d4-46cb-96c4-91668dd8dca3,renewal_successful,2025-07-20 03:32:24.434278,180.02,EUR
63825982-a320-42e4-a80b-21f34f64843b,c2d88c27-a7ad-4099-ae41-7de367ba8715,e738049e-ffd5-4b5a-8519-b1bf2e80c346,99b2fa58-563c-4eb0-beef-18622da1f0fe,subscription_created,2025-05-13 19:20:14.299689,229.16,SAR
a8c786b3-ed66-43dd-9b6a-481dc4adef1c,c2d88c27-a7ad-4099-ae41-7de367ba8715,e738049e-ffd5-4b5a-8519-b1bf2e80c346,99b2fa58-563c-4eb0-beef-18622da1f0fe,renewal_successful,2025-08-11 19:20:14.299689,229.16,SAR
732d8e87-2915-468f-8537-6309b5efc046,eda0a0ca-1760-467b-b2d5-d9b407df5014,fd043144-4c25-4215-82a0-30c323f1982d,5e5645e3-cb02-497b-ab89-5d0006b4e547,subscription_created,2025-04-12 06:21:06.952576,138.78,EUR
8db72ff6-4075-4d4f-a60b-e492156f303e,eda0a0ca-1760-467b-b2d5-d9b407df5014,fd043144-4c25-4215-82a0-30c323f1982d,5e5645e3-cb02-497b-ab89-5d0006b4e547,renewal_successful,2025-07-11 06:21:06.952576,138.78,EUR
2b757c79-ec37-4098-a245-93a185bb367b,1d0b1d81-7ef5-4085-8de4-27f3c0b89395,c708760f-9a82-43c4-8c43-e7eb1fb93880,47dee819-ce39-4661-bc78-aeeeebdb603d,subscription_created,2024-03-15 13:59:23.726822,708.4,USD
1ace9d85-f329-4610-9cbd-f3e35b32358a,1d0b1d81-7ef5-4085-8de4-27f3c0b89395,c708760f-9a82-43c4-8c43-e7eb1fb93880,47dee819-ce39-4661-bc78-aeeeebdb603d,renewal_successful,2025-03-15 13:59:23.726822,708.4,USD
bdb08520-c3bf-4125-b988-ceb6b8c4ac44,a155c682-b9e9-4dc2-9de5-125b712acec1,862f6f46-4f45-4289-8893-2bc2c4376f65,745dadf5-48db-4874-ae4b-a0a3332fb36b,subscription_created,2024-01-20 17:58:16.795828,53.57,SAR
fe99edcc-f84d-4783-bc82-8456e54eb5b6,a155c682-b9e9-4dc2-9de5-125b712acec1,862f6f46-4f45-4289-8893-2bc2c4376f65,745dadf5-48db-4874-ae4b-a0a3332fb36b,renewal_successful,2024-04-19 17:58:16.795828,53.57,SAR
8546e8fa-cf58-47fb-bccf-6fe4b17820bb,a155c682-b9e9-4dc2-9de5-125b712acec1,862f6f46-4f45-4289-8893-2bc2c4376f65,745dadf5-48db-4874-ae4b-a0a3332fb36b,renewal_successful,2024-07-18 17:58:16.795828,53.57,SAR
a8587d69-5e2d-4819-b840-aedab0d602ef,a155c682-b9e9-4dc2-9de5-125b712acec1,862f6f46-4f45-4289-8893-2bc2c4376f65,745dadf5-48db-4874-ae4b-a0a3332fb36b,renewal_successful,2024-10-16 17:58:16.795828,53.57,SAR
41bafa6c-adb5-433d-a635-c1932eea2049,a155c682-b9e9-4dc2-9de5-125b712acec1,862f6f46-4f45-4289-8893-2bc2c4376f65,745dadf5-48db-4874-ae4b-a0a3332fb36b,renewal_successful,2025-01-14 17:58:16.795828,53.57,SAR
7d1fbde6-0341-4ae4-b688-3b7e1ed53ba2,a155c682-b9e9-4dc2-9de5-125b712acec1,862f6f46-4f45-4289-8893-2bc2c4376f65,745dadf5-48db-4874-ae4b-a0a3332fb36b,renewal_successful,2025-04-14 17:58:16.795828,53.57,SAR
de3cf895-b8d8-4b3d-910b-ab6d8c940efa,a155c682-b9e9-4dc2-9de5-125b712acec1,862f6f46-4f45-4289-8893-2bc2c4376f65,745dadf5-48db-4874-ae4b-a0a3332fb36b,renewal_successful,2025-07-13 17:58:16.795828,53.57,SAR
734876a2-aa6d-4016-ab64-9cc96b2cfbb0,33ade8ee-21ac-4a6d-8927-6699c955189c,407d357a-2a55-4e77-8d4a-138ef21d3e06,936a2efa-6abf-42e4-906f-eb6b116ad6fb,subscription_created,2025-07-13 14:58:44.708879,26.48,USD
de1aaae4-4802-4508-b036-874b4016ffbe,33ade8ee-21ac-4a6d-8927-6699c955189c,407d357a-2a55-4e77-8d4a-138ef21d3e06,936a2efa-6abf-42e4-906f-eb6b116ad6fb,renewal_successful,2025-08-12 14:58:44.708879,26.48,USD
0a669d32-e1ab-4b64-b62a-4ced24088432,33ade8ee-21ac-4a6d-8927-6699c955189c,407d357a-2a55-4e77-8d4a-138ef21d3e06,936a2efa-6abf-42e4-906f-eb6b116ad6fb,renewal_successful,2025-09-11 14:58:44.708879,26.48,USD
0f209f06-4201-4357-b7d0-c848dad02838,d5854251-a5e8-4060-bbc1-1c373aab19b8,b0dbe0c7-9eef-4ae0-a5f7-fb0aba165fb5,9bca4216-bb90-4be2-adc2-e68e71ee8d5d,subscription_created,2025-05-26 02:49:41.710118,129.01,GBP
9ed8d0b6-65fb-4778-9f62-48f5dbf9ed48,d5854251-a5e8-4060-bbc1-1c373aab19b8,b0dbe0c7-9eef-4ae0-a5f7-fb0aba165fb5,9bca4216-bb90-4be2-adc2-e68e71ee8d5d,renewal_successful,2025-08-24 02:49:41.710118,129.01,GBP
99d97bf8-19b5-45c5-9353-feaa36830d21,85e56d05-d79d-4b08-ad12-117bb7a3ec81,8ace7b42-b2a6-48a8-8863-ec3e7369d428,568dc89f-7ce6-4cca-b8f7-41cf6bf5673a,subscription_created,2025-02-12 18:07:17.750382,279.92,USD
faadb302-b31d-4aab-a74b-c323ac59bf47,0925c26a-1745-4db5-af87-d525cccc25bb,c708760f-9a82-43c4-8c43-e7eb1fb93880,bd10f573-711b-4578-8b27-36271a94831a,subscription_created,2024-12-21 06:33:23.619024,708.4,USD
bb1e64dd-860a-43c8-95dc-85d7a32494e5,bf66ec51-72dd-4766-a664-1334be13ee24,abaca0ad-932e-4fcf-85c5-e95c455177c4,9df03b7c-bb36-482e-bd13-d59f03e86614,subscription_created,2024-08-02 22:32:21.877078,21.28,SAR
10e84d33-3cd2-4980-b753-affb7d6d51b2,bf66ec51-72dd-4766-a664-1334be13ee24,abaca0ad-932e-4fcf-85c5-e95c455177c4,9df03b7c-bb36-482e-bd13-d59f03e86614,renewal_successful,2024-09-01 22:32:21.877078,21.28,SAR
724d2b36-270c-416e-9257-ca0fffc3c3de,bf66ec51-72dd-4766-a664-1334be13ee24,abaca0ad-932e-4fcf-85c5-e95c455177c4,9df03b7c-bb36-482e-bd13-d59f03e86614,renewal_successful,2024-10-01 22:32:21.877078,21.28,SAR
0713a946-df7f-402f-870c-95f739ed2235,bf66ec51-72dd-4766-a664-1334be13ee24,abaca0ad-932e-4fcf-85c5-e95c455177c4,9df03b7c-bb36-482e-bd13-d59f03e86614,renewal_successful,2024-10-31 22:32:21.877078,21.28,SAR
257c31cb-1440-45e9-a8a6-c533666fd5af,bf66ec51-72dd-4766-a664-1334be13ee24,abaca0ad-932e-4fcf-85c5-e95c455177c4,9df03b7c-bb36-482e-bd13-d59f03e86614,renewal_successful,2024-11-30 22:32:21.877078,21.28,SAR
2cecd0f5-69ad-485d-9515-c48a2c343623,bf66ec51-72dd-4766-a664-1334be13ee24,abaca0ad-932e-4fcf-85c5-e95c455177c4,9df03b7c-bb36-482e-bd13-d59f03e86614,renewal_successful,2024-12-30 22:32:21.877078,21.28,SAR
089706a0-4dab-425b-ba42-7dbe0202cbfd,bf66ec51-72dd-4766-a664-1334be13ee24,abaca0ad-932e-4fcf-85c5-e95c455177c4,9df03b7c-bb36-482e-bd13-d59f03e86614,renewal_successful,2025-01-29 22:32:21.877078,21.28,SAR
2a87614c-14c4-45c5-85ff-3e6dbcfbb419,bf66ec51-72dd-4766-a664-1334be13ee24,abaca0ad-932e-4fcf-85c5-e95c455177c4,9df03b7c-bb36-482e-bd13-d59f03e86614,renewal_successful,2025-02-28 22:32:21.877078,21.28,SAR
784af7ec-443c-4e93-96e2-b179d75d06d0,bf66ec51-72dd-4766-a664-1334be13ee24,abaca0ad-932e-4fcf-85c5-e95c455177c4,9df03b7c-bb36-482e-bd13-d59f03e86614,renewal_successful,2025-03-30 22:32:21.877078,21.28,SAR
5e1b2c9a-2110-4bdb-8c3c-06e1268bd715,bf66ec51-72dd-4766-a664-1334be13ee24,abaca0ad-932e-4fcf-85c5-e95c455177c4,9df03b7c-bb36-482e-bd13-d59f03e86614,renewal_successful,2025-04-29 22:32:21.877078,21.28,SAR
916027ec-3070-412b-90c8-437e23450236,bf66ec51-72dd-4766-a664-1334be13ee24,abaca0ad-932e-4fcf-85c5-e95c455177c4,9df03b7c-bb36-482e-bd13-d59f03e86614,renewal_successful,2025-05-29 22:32:21.877078,21.28,SAR
568e61e2-07ab-4c09-a565-9660b97ef854,bf66ec51-72dd-4766-a664-1334be13ee24,abaca0ad-932e-4fcf-85c5-e95c455177c4,9df03b7c-bb36-482e-bd13-d59f03e86614,renewal_successful,2025-06-28 22:32:21.877078,21.28,SAR
9a04f951-08cb-4e6b-b1dc-25e17928f279,bf66ec51-72dd-4766-a664-1334be13ee24,abaca0ad-932e-4fcf-85c5-e95c455177c4,9df03b7c-bb36-482e-bd13-d59f03e86614,renewal_successful,2025-07-28 22:32:21.877078,21.28,SAR
44dc6ebc-c010-4d76-b934-498f6e11f0b2,bf66ec51-72dd-4766-a664-1334be13ee24,abaca0ad-932e-4fcf-85c5-e95c455177c4,9df03b7c-bb36-482e-bd13-d59f03e86614,renewal_successful,2025-08-27 22:32:21.877078,21.28,SAR
012f4932-4697-4e14-85f9-259191055c42,bf66ec51-72dd-4766-a664-1334be13ee24,abaca0ad-932e-4fcf-85c5-e95c455177c4,9df03b7c-bb36-482e-bd13-d59f03e86614,renewal_successful,2025-09-26 22:32:21.877078,21.28,SAR
55aeee4f-e275-4c28-8505-f8eb815c5894,c119593f-c3fe-4399-95c8-9a14451c153a,ada1ddaa-52e1-451d-a8a8-c11f2d99821a,b5483bac-63fd-4447-8758-9b84d79b1530,subscription_created,2025-06-27 21:02:18.935971,565.66,EUR
639fd2cb-458c-40eb-a303-a435f377c191,7f7431a2-5e97-48fc-a06a-104f95c5d72c,c3d04727-fdbb-4a43-b126-b56e197d1282,5f40be93-6c35-4973-b472-3c331f173030,subscription_created,2023-11-10 04:39:48.403204,98.43,EUR
ba7b6a24-96f5-4f57-8975-392052dc03eb,7f7431a2-5e97-48fc-a06a-104f95c5d72c,c3d04727-fdbb-4a43-b126-b56e197d1282,5f40be93-6c35-4973-b472-3c331f173030,renewal_successful,2023-12-10 04:39:48.403204,98.43,EUR
e9809261-b354-40ad-b910-97017963acf8,7f7431a2-5e97-48fc-a06a-104f95c5d72c,c3d04727-fdbb-4a43-b126-b56e197d1282,5f40be93-6c35-4973-b472-3c331f173030,renewal_successful,2024-01-09 04:39:48.403204,98.43,EUR
377f7263-a007-4508-85a8-a36d8d33a4a3,7f7431a2-5e97-48fc-a06a-104f95c5d72c,c3d04727-fdbb-4a43-b126-b56e197d1282,5f40be93-6c35-4973-b472-3c331f173030,renewal_successful,2024-02-08 04:39:48.403204,98.43,EUR
e3c7143e-2e55-438c-a3b2-b8dcb7ec7444,7f7431a2-5e97-48fc-a06a-104f95c5d72c,c3d04727-fdbb-4a43-b126-b56e197d1282,5f40be93-6c35-4973-b472-3c331f173030,renewal_failed,2024-03-09 04:39:48.403204,0.0,EUR
2f664f6c-e916-4489-a954-02788c86906f,7f7431a2-5e97-48fc-a06a-104f95c5d72c,c3d04727-fdbb-4a43-b126-b56e197d1282,5f40be93-6c35-4973-b472-3c331f173030,subscription_cancelled,2024-03-16 04:39:48.403204,0.0,EUR
2ee833a2-5dd0-4251-b826-477884cb35e4,530272f7-eb53-435b-a570-18c831c01e87,4f6cc21b-d426-444d-afd5-233cef230070,b7dae44f-b78d-42aa-bfc0-a317682ef8bd,subscription_created,2025-08-04 16:15:27.407336,228.23,GBP
4e6eda3e-56b6-4c97-8268-d3c6ba7b43c2,f74aa330-81c1-46c4-8314-7074ad18a4ba,519a6310-c49e-4650-a246-6d665d042f11,053f1ed1-d54a-4b97-ad5e-63d5625ab08f,subscription_created,2024-06-14 22:55:31.476129,30.88,MXN
94f58ea3-f00c-4b0b-a5de-b6032db6c3db,f74aa330-81c1-46c4-8314-7074ad18a4ba,519a6310-c49e-4650-a246-6d665d042f11,053f1ed1-d54a-4b97-ad5e-63d5625ab08f,renewal_successful,2024-07-14 22:55:31.476129,30.88,MXN
232068d9-1184-4bb5-836c-1187f9bdc5c3,f74aa330-81c1-46c4-8314-7074ad18a4ba,519a6310-c49e-4650-a246-6d665d042f11,053f1ed1-d54a-4b97-ad5e-63d5625ab08f,renewal_successful,2024-08-13 22:55:31.476129,30.88,MXN
5abdd45d-972f-49e9-b33e-6f8f9f836cfb,f74aa330-81c1-46c4-8314-7074ad18a4ba,519a6310-c49e-4650-a246-6d665d042f11,053f1ed1-d54a-4b97-ad5e-63d5625ab08f,renewal_successful,2024-09-12 22:55:31.476129,30.88,MXN
49db828a-1398-4aa3-bfc7-2a3d5c1dd0a7,f74aa330-81c1-46c4-8314-7074ad18a4ba,519a6310-c49e-4650-a246-6d665d042f11,053f1ed1-d54a-4b97-ad5e-63d5625ab08f,renewal_successful,2024-10-12 22:55:31.476129,30.88,MXN
5d38558b-13c3-4863-9233-4b826ace5126,f74aa330-81c1-46c4-8314-7074ad18a4ba,519a6310-c49e-4650-a246-6d665d042f11,053f1ed1-d54a-4b97-ad5e-63d5625ab08f,renewal_failed,2024-11-11 22:55:31.476129,0.0,MXN
7ea0f1ce-c654-41da-a814-28c17cde3338,f74aa330-81c1-46c4-8314-7074ad18a4ba,519a6310-c49e-4650-a246-6d665d042f11,053f1ed1-d54a-4b97-ad5e-63d5625ab08f,subscription_cancelled,2024-11-18 22:55:31.476129,0.0,MXN
9c009b79-4dca-4d56-bb22-fb2b8af7c87d,898e69f4-a3cf-444c-81b4-14d0f6b7aae9,ada1ddaa-52e1-451d-a8a8-c11f2d99821a,1388d719-d351-4216-b001-6d1c568604c7,subscription_created,2024-06-23 11:27:01.972278,565.66,EUR
8b82fc34-c664-4741-8a4a-d32ed2a9181f,898e69f4-a3cf-444c-81b4-14d0f6b7aae9,ada1ddaa-52e1-451d-a8a8-c11f2d99821a,1388d719-d351-4216-b001-6d1c568604c7,renewal_successful,2025-06-23 11:27:01.972278,565.66,EUR
ada62bae-6630-41c1-83ff-b1ad94e960e6,de8b5f7e-8def-4d02-ae6a-4b3e00295f5d,bda35c2a-bc74-4d9d-b2b9-bcc0f7204d95,a8344f95-4dc5-471b-ae64-dd4c48e18b2c,subscription_created,2024-07-06 08:04:05.759207,557.98,GBP
5b393515-64a2-4f6c-8608-25e950fb4a83,de8b5f7e-8def-4d02-ae6a-4b3e00295f5d,bda35c2a-bc74-4d9d-b2b9-bcc0f7204d95,a8344f95-4dc5-471b-ae64-dd4c48e18b2c,renewal_successful,2025-07-06 08:04:05.759207,557.98,GBP
03efce9a-5233-4446-8a3d-95776289ff46,b21ba444-4abc-43f9-b697-0211cc140b64,fb20d0de-24a2-4881-8f76-826c3abd26d2,bec46051-f923-459f-897b-30df198b55b1,subscription_created,2024-10-19 11:10:12.138499,98.92,EUR
c9d78c2e-25b8-42db-a260-80e074d0e804,b21ba444-4abc-43f9-b697-0211cc140b64,fb20d0de-24a2-4881-8f76-826c3abd26d2,bec46051-f923-459f-897b-30df198b55b1,renewal_successful,2025-01-17 11:10:12.138499,98.92,EUR
63d77250-d04d-4fc7-8a5d-e5abae52aefb,b21ba444-4abc-43f9-b697-0211cc140b64,fb20d0de-24a2-4881-8f76-826c3abd26d2,bec46051-f923-459f-897b-30df198b55b1,renewal_failed,2025-04-17 11:10:12.138499,0.0,EUR
2c5d95ca-6b4c-4345-86cb-6f02861b584e,b21ba444-4abc-43f9-b697-0211cc140b64,fb20d0de-24a2-4881-8f76-826c3abd26d2,bec46051-f923-459f-897b-30df198b55b1,subscription_cancelled,2025-04-24 11:10:12.138499,0.0,EUR
2519ad99-87d4-4d81-ba47-18b25f6fbd87,870e7dee-78d0-4de1-9461-9bcd54557669,27188e07-2150-475c-b00f-8ab73d75e35a,84e89ddd-a39b-4aef-9021-2b7310a59467,subscription_created,2025-02-06 07:34:49.499640,239.67,GBP
5c03e524-5eaa-4282-ac7c-42203f3d4d19,870e7dee-78d0-4de1-9461-9bcd54557669,27188e07-2150-475c-b00f-8ab73d75e35a,84e89ddd-a39b-4aef-9021-2b7310a59467,renewal_successful,2025-05-07 07:34:49.499640,239.67,GBP
7622f0d8-c9b2-45a2-be35-a6e2cd340fa4,870e7dee-78d0-4de1-9461-9bcd54557669,27188e07-2150-475c-b00f-8ab73d75e35a,84e89ddd-a39b-4aef-9021-2b7310a59467,renewal_successful,2025-08-05 07:34:49.499640,239.67,GBP
7f44685a-34e5-4f28-918a-7cd184cf5d95,685a1694-1070-4a4f-bef2-5755ec58d466,ea3f7516-ae50-4a60-ab8a-92f65201443d,bc7ba3c0-9989-4868-bb62-36926450c088,subscription_created,2025-07-04 21:44:11.759222,438.26,MXN
190b53db-4d61-4b64-a072-4282ad9e6d7d,2f43d6b8-4233-42df-bf07-3b634c2b3c30,74fbcb5f-94c1-4702-ae74-d4d72ee638b8,a9638f42-b90d-4144-9e18-cf4127d1ef07,subscription_created,2024-07-04 08:33:56.339373,61.82,EUR
ed44fa70-4229-4998-bd60-46c67acd762d,2f43d6b8-4233-42df-bf07-3b634c2b3c30,74fbcb5f-94c1-4702-ae74-d4d72ee638b8,a9638f42-b90d-4144-9e18-cf4127d1ef07,renewal_failed,2024-10-02 08:33:56.339373,0.0,EUR
b107c7da-9fcd-4cf2-8f09-3d453f807fa7,2f43d6b8-4233-42df-bf07-3b634c2b3c30,74fbcb5f-94c1-4702-ae74-d4d72ee638b8,a9638f42-b90d-4144-9e18-cf4127d1ef07,renewal_successful,2024-12-31 08:33:56.339373,61.82,EUR
cd528650-5b2c-4af1-804d-9b9f0fd6e756,2f43d6b8-4233-42df-bf07-3b634c2b3c30,74fbcb5f-94c1-4702-ae74-d4d72ee638b8,a9638f42-b90d-4144-9e18-cf4127d1ef07,renewal_successful,2025-03-31 08:33:56.339373,61.82,EUR
9fdc8cde-d3b2-4111-8306-2feb41093227,2f43d6b8-4233-42df-bf07-3b634c2b3c30,74fbcb5f-94c1-4702-ae74-d4d72ee638b8,a9638f42-b90d-4144-9e18-cf4127d1ef07,renewal_successful,2025-06-29 08:33:56.339373,61.82,EUR
dae5ac84-e769-414c-bdee-03b43cfd78b9,2f43d6b8-4233-42df-bf07-3b634c2b3c30,74fbcb5f-94c1-4702-ae74-d4d72ee638b8,a9638f42-b90d-4144-9e18-cf4127d1ef07,renewal_successful,2025-09-27 08:33:56.339373,61.82,EUR
ac6859bc-459e-4049-a8f4-fa5c853f6f96,a547b879-d198-4b56-8349-48eb10040ee3,27188e07-2150-475c-b00f-8ab73d75e35a,76d3fe6f-e957-4a64-bea9-1a600b768d7b,subscription_created,2024-06-25 20:04:34.102071,239.67,GBP
315646d6-0da0-47a2-ad49-c6be588653e2,a547b879-d198-4b56-8349-48eb10040ee3,27188e07-2150-475c-b00f-8ab73d75e35a,76d3fe6f-e957-4a64-bea9-1a600b768d7b,renewal_successful,2024-09-23 20:04:34.102071,239.67,GBP
5d5a1bd5-6747-4346-9410-16bee00ba83c,a547b879-d198-4b56-8349-48eb10040ee3,27188e07-2150-475c-b00f-8ab73d75e35a,76d3fe6f-e957-4a64-bea9-1a600b768d7b,renewal_successful,2024-12-22 20:04:34.102071,239.67,GBP
b0766d7d-b69a-4b89-bd84-250542eb981e,a547b879-d198-4b56-8349-48eb10040ee3,27188e07-2150-475c-b00f-8ab73d75e35a,76d3fe6f-e957-4a64-bea9-1a600b768d7b,renewal_successful,2025-03-22 20:04:34.102071,239.67,GBP
7e383ff0-397d-4b83-a033-0514f83b1786,a547b879-d198-4b56-8349-48eb10040ee3,27188e07-2150-475c-b00f-8ab73d75e35a,76d3fe6f-e957-4a64-bea9-1a600b768d7b,renewal_failed,2025-06-20 20:04:34.102071,0.0,GBP
bb97b3cb-c452-46b5-8ee6-51f7531b1012,a547b879-d198-4b56-8349-48eb10040ee3,27188e07-2150-475c-b00f-8ab73d75e35a,76d3fe6f-e957-4a64-bea9-1a600b768d7b,subscription_cancelled,2025-06-27 20:04:34.102071,0.0,GBP
310e68d3-80c7-4415-b49f-af3ab79dbb41,36610f40-53d9-4586-9bb3-b36e6d0bf570,27188e07-2150-475c-b00f-8ab73d75e35a,5e5645e3-cb02-497b-ab89-5d0006b4e547,subscription_created,2024-03-04 19:31:09.938818,239.67,GBP
5f9909e4-2723-44a1-8bd9-ec76a325520c,36610f40-53d9-4586-9bb3-b36e6d0bf570,27188e07-2150-475c-b00f-8ab73d75e35a,5e5645e3-cb02-497b-ab89-5d0006b4e547,renewal_successful,2024-06-02 19:31:09.938818,239.67,GBP
1b85294a-57ed-4dec-a93f-f3ae729236c2,36610f40-53d9-4586-9bb3-b36e6d0bf570,27188e07-2150-475c-b00f-8ab73d75e35a,5e5645e3-cb02-497b-ab89-5d0006b4e547,renewal_successful,2024-08-31 19:31:09.938818,239.67,GBP
6a9c763b-68c4-4c13-a3ef-3af41f6130d8,36610f40-53d9-4586-9bb3-b36e6d0bf570,27188e07-2150-475c-b00f-8ab73d75e35a,5e5645e3-cb02-497b-ab89-5d0006b4e547,renewal_successful,2024-11-29 19:31:09.938818,239.67,GBP
213e00c1-9a22-41bf-b8b8-afbdac600a76,36610f40-53d9-4586-9bb3-b36e6d0bf570,27188e07-2150-475c-b00f-8ab73d75e35a,5e5645e3-cb02-497b-ab89-5d0006b4e547,renewal_successful,2025-02-27 19:31:09.938818,239.67,GBP
79d4fafa-0c6f-4d5d-87b7-34863078290d,36610f40-53d9-4586-9bb3-b36e6d0bf570,27188e07-2150-475c-b00f-8ab73d75e35a,5e5645e3-cb02-497b-ab89-5d0006b4e547,renewal_successful,2025-05-28 19:31:09.938818,239.67,GBP
75dd576e-30e1-4d35-97ac-2ab9eeea065b,36610f40-53d9-4586-9bb3-b36e6d0bf570,27188e07-2150-475c-b00f-8ab73d75e35a,5e5645e3-cb02-497b-ab89-5d0006b4e547,renewal_successful,2025-08-26 19:31:09.938818,239.67,GBP
648c3fa7-a071-4b6d-9538-f325f64e5455,cb389396-8e31-42c8-8ded-60d167e97a50,dab1f810-c35d-41fe-8ae5-16d5c3f122a3,57d49778-606f-40ec-80ea-05149c4e87cb,subscription_created,2023-12-30 19:48:46.171751,874.71,MXN
4a847d56-e4ea-44a8-a380-2e28338de9fb,cb389396-8e31-42c8-8ded-60d167e97a50,dab1f810-c35d-41fe-8ae5-16d5c3f122a3,57d49778-606f-40ec-80ea-05149c4e87cb,renewal_successful,2024-12-29 19:48:46.171751,874.71,MXN
fbfacd74-8c58-4ccd-8563-7dbbe0bc850e,575dee63-2817-4814-9acf-1679e12485a9,b0dbe0c7-9eef-4ae0-a5f7-fb0aba165fb5,7187a7bb-0274-4a16-ad01-42eeb93607d6,subscription_created,2024-08-25 03:14:36.318804,129.01,GBP
7f919f6e-9691-4e7e-a50d-5f6101d5bfd8,575dee63-2817-4814-9acf-1679e12485a9,b0dbe0c7-9eef-4ae0-a5f7-fb0aba165fb5,7187a7bb-0274-4a16-ad01-42eeb93607d6,renewal_successful,2024-11-23 03:14:36.318804,129.01,GBP
1d125252-6551-479d-9ecb-61de6c6c113b,575dee63-2817-4814-9acf-1679e12485a9,b0dbe0c7-9eef-4ae0-a5f7-fb0aba165fb5,7187a7bb-0274-4a16-ad01-42eeb93607d6,renewal_successful,2025-02-21 03:14:36.318804,129.01,GBP
c342c18d-f39c-4b4e-a22d-90ddb6b8e9a5,575dee63-2817-4814-9acf-1679e12485a9,b0dbe0c7-9eef-4ae0-a5f7-fb0aba165fb5,7187a7bb-0274-4a16-ad01-42eeb93607d6,renewal_successful,2025-05-22 03:14:36.318804,129.01,GBP
8af881ba-69ab-4ae4-8bf3-ed467bc29747,575dee63-2817-4814-9acf-1679e12485a9,b0dbe0c7-9eef-4ae0-a5f7-fb0aba165fb5,7187a7bb-0274-4a16-ad01-42eeb93607d6,renewal_successful,2025-08-20 03:14:36.318804,129.01,GBP
bc8b2d8a-079f-410b-818c-460af7c24740,a0578c38-4375-48a5-b272-36502d8aa4b4,fb20d0de-24a2-4881-8f76-826c3abd26d2,9bca4216-bb90-4be2-adc2-e68e71ee8d5d,subscription_created,2025-05-24 04:53:35.277760,98.92,EUR
8c793d54-4c76-49a7-81bb-8916960c1dd6,a0578c38-4375-48a5-b272-36502d8aa4b4,fb20d0de-24a2-4881-8f76-826c3abd26d2,9bca4216-bb90-4be2-adc2-e68e71ee8d5d,renewal_successful,2025-08-22 04:53:35.277760,98.92,EUR
259d1f04-acca-4ab3-9be1-2fa03c1467bc,9f4a897b-ff75-4e99-aea2-97354d6edd32,4f6cc21b-d426-444d-afd5-233cef230070,2630f262-aba0-419b-aa14-bda3979b58cd,subscription_created,2024-09-19 08:09:40.376728,228.23,GBP
8f294159-0901-49fc-bd7d-242cb5d6e1e4,9f4a897b-ff75-4e99-aea2-97354d6edd32,4f6cc21b-d426-444d-afd5-233cef230070,2630f262-aba0-419b-aa14-bda3979b58cd,renewal_successful,2024-12-18 08:09:40.376728,228.23,GBP
1aa12de6-af38-4693-85fc-be93ea5bd495,9f4a897b-ff75-4e99-aea2-97354d6edd32,4f6cc21b-d426-444d-afd5-233cef230070,2630f262-aba0-419b-aa14-bda3979b58cd,renewal_successful,2025-03-18 08:09:40.376728,228.23,GBP
dc827e1d-6390-42f0-8c70-1f5f13977b27,9f4a897b-ff75-4e99-aea2-97354d6edd32,4f6cc21b-d426-444d-afd5-233cef230070,2630f262-aba0-419b-aa14-bda3979b58cd,renewal_successful,2025-06-16 08:09:40.376728,228.23,GBP
08fc3d9e-f8f7-4de7-91db-50e69aa9a8d2,9f4a897b-ff75-4e99-aea2-97354d6edd32,4f6cc21b-d426-444d-afd5-233cef230070,2630f262-aba0-419b-aa14-bda3979b58cd,renewal_successful,2025-09-14 08:09:40.376728,228.23,GBP
fe554a99-da1e-4324-ac41-d58bd08a4167,d57c9faf-8680-4356-bc04-c541ed61558e,fb20d0de-24a2-4881-8f76-826c3abd26d2,e5e4cd96-8112-4864-b5ef-0bd3b4da1e6e,subscription_created,2025-05-02 01:24:42.738117,98.92,EUR
ab2100bb-5d45-4d2d-a0ff-6a1d5800b349,d57c9faf-8680-4356-bc04-c541ed61558e,fb20d0de-24a2-4881-8f76-826c3abd26d2,e5e4cd96-8112-4864-b5ef-0bd3b4da1e6e,renewal_successful,2025-07-31 01:24:42.738117,98.92,EUR
3b998950-5b5f-4359-a67f-3eaf4eb67c6c,bf7e93a9-8eb0-46c4-be17-4569a229b21f,fd043144-4c25-4215-82a0-30c323f1982d,fb08d9e8-16ab-4e50-b128-05d31a47dda3,subscription_created,2024-12-29 17:10:24.340403,138.78,EUR
d45a30fd-506a-4b6e-94d0-643e244d6337,bf7e93a9-8eb0-46c4-be17-4569a229b21f,fd043144-4c25-4215-82a0-30c323f1982d,fb08d9e8-16ab-4e50-b128-05d31a47dda3,renewal_successful,2025-03-29 17:10:24.340403,138.78,EUR
57181c40-c7a5-425e-91e6-85e64692cd59,bf7e93a9-8eb0-46c4-be17-4569a229b21f,fd043144-4c25-4215-82a0-30c323f1982d,fb08d9e8-16ab-4e50-b128-05d31a47dda3,renewal_successful,2025-06-27 17:10:24.340403,138.78,EUR
5cf3bb1b-d78c-4b91-84ee-486124840d3b,bf7e93a9-8eb0-46c4-be17-4569a229b21f,fd043144-4c25-4215-82a0-30c323f1982d,fb08d9e8-16ab-4e50-b128-05d31a47dda3,renewal_successful,2025-09-25 17:10:24.340403,138.78,EUR
a1b4038b-2be8-426e-9899-087c00bdbe05,f5f34c8d-39a3-42c4-be3b-8a00cd5d70f8,b0dbe0c7-9eef-4ae0-a5f7-fb0aba165fb5,3c3290a4-2c79-4c5e-b140-e32a3330d49e,subscription_created,2025-04-20 20:34:51.340398,129.01,GBP
698a03cc-428a-41e3-ae4e-cfb68d798f3b,f5f34c8d-39a3-42c4-be3b-8a00cd5d70f8,b0dbe0c7-9eef-4ae0-a5f7-fb0aba165fb5,3c3290a4-2c79-4c5e-b140-e32a3330d49e,renewal_successful,2025-07-19 20:34:51.340398,129.01,GBP
397f9820-3308-4041-a2bb-d701caf273bf,1d95166a-8d1c-40d6-95a4-69538becbe2f,dab1f810-c35d-41fe-8ae5-16d5c3f122a3,f96e2f95-511a-41b3-b649-c2f71e4b6ea1,subscription_created,2024-12-29 22:18:47.185160,874.71,MXN
3f35726e-d8c2-49fc-8de0-339d250819d6,d0e9734a-c985-4832-9622-38520ef261dd,519a6310-c49e-4650-a246-6d665d042f11,242c4ca0-8bca-4c11-81de-bde798ddf6f2,subscription_created,2024-05-20 12:35:49.997425,30.88,MXN
383df7ad-85fe-423d-b1ed-4b23d621e73b,d0e9734a-c985-4832-9622-38520ef261dd,519a6310-c49e-4650-a246-6d665d042f11,242c4ca0-8bca-4c11-81de-bde798ddf6f2,renewal_successful,2024-06-19 12:35:49.997425,30.88,MXN
35a59069-38eb-468f-8ef6-e42f0f4a9a31,d0e9734a-c985-4832-9622-38520ef261dd,519a6310-c49e-4650-a246-6d665d042f11,242c4ca0-8bca-4c11-81de-bde798ddf6f2,renewal_successful,2024-07-19 12:35:49.997425,30.88,MXN
432ec7fb-ce8f-4b51-91e3-50e090ae3958,d0e9734a-c985-4832-9622-38520ef261dd,519a6310-c49e-4650-a246-6d665d042f11,242c4ca0-8bca-4c11-81de-bde798ddf6f2,renewal_successful,2024-08-18 12:35:49.997425,30.88,MXN
9e14f96a-758b-4495-a8f7-aea423a9e59a,d0e9734a-c985-4832-9622-38520ef261dd,519a6310-c49e-4650-a246-6d665d042f11,242c4ca0-8bca-4c11-81de-bde798ddf6f2,renewal_successful,2024-09-17 12:35:49.997425,30.88,MXN
5fa14e79-ff3c-4142-aa95-c4565664b274,d0e9734a-c985-4832-9622-38520ef261dd,519a6310-c49e-4650-a246-6d665d042f11,242c4ca0-8bca-4c11-81de-bde798ddf6f2,renewal_successful,2024-10-17 12:35:49.997425,30.88,MXN
c0f6eb8a-281c-48cf-8855-0df470de8fa0,d0e9734a-c985-4832-9622-38520ef261dd,519a6310-c49e-4650-a246-6d665d042f11,242c4ca0-8bca-4c11-81de-bde798ddf6f2,renewal_successful,2024-11-16 12:35:49.997425,30.88,MXN
d514425b-962c-4a36-8ac3-11d7043d17a9,d0e9734a-c985-4832-9622-38520ef261dd,519a6310-c49e-4650-a246-6d665d042f11,242c4ca0-8bca-4c11-81de-bde798ddf6f2,renewal_successful,2024-12-16 12:35:49.997425,30.88,MXN
a866f7c1-b067-4bb4-a2a1-23b5116cb53b,d0e9734a-c985-4832-9622-38520ef261dd,519a6310-c49e-4650-a246-6d665d042f11,242c4ca0-8bca-4c11-81de-bde798ddf6f2,renewal_successful,2025-01-15 12:35:49.997425,30.88,MXN
2620e5b0-5abc-43b0-87b5-1fc9c3a98406,d0e9734a-c985-4832-9622-38520ef261dd,519a6310-c49e-4650-a246-6d665d042f11,242c4ca0-8bca-4c11-81de-bde798ddf6f2,renewal_successful,2025-02-14 12:35:49.997425,30.88,MXN
bd5ffa40-ec54-42b2-bb00-bf6328daea95,d0e9734a-c985-4832-9622-38520ef261dd,519a6310-c49e-4650-a246-6d665d042f11,242c4ca0-8bca-4c11-81de-bde798ddf6f2,renewal_successful,2025-03-16 12:35:49.997425,30.88,MXN
ecafaff0-6c97-4c71-834c-6c1f1e05ec9f,d0e9734a-c985-4832-9622-38520ef261dd,519a6310-c49e-4650-a246-6d665d042f11,242c4ca0-8bca-4c11-81de-bde798ddf6f2,renewal_successful,2025-04-15 12:35:49.997425,30.88,MXN
f7b90750-0ff9-493c-aeda-68c3d94ed2cd,d0e9734a-c985-4832-9622-38520ef261dd,519a6310-c49e-4650-a246-6d665d042f11,242c4ca0-8bca-4c11-81de-bde798ddf6f2,renewal_failed,2025-05-15 12:35:49.997425,0.0,MXN
f6dc9a50-5faf-4e66-b08f-f07a0feaf833,d0e9734a-c985-4832-9622-38520ef261dd,519a6310-c49e-4650-a246-6d665d042f11,242c4ca0-8bca-4c11-81de-bde798ddf6f2,renewal_successful,2025-06-14 12:35:49.997425,30.88,MXN
0d758b77-ea87-426f-b60d-9a2af03c5f3a,d0e9734a-c985-4832-9622-38520ef261dd,519a6310-c49e-4650-a246-6d665d042f11,242c4ca0-8bca-4c11-81de-bde798ddf6f2,renewal_failed,2025-07-14 12:35:49.997425,0.0,MXN
be8477a8-dc3a-42fc-95ba-f805b04b378a,d0e9734a-c985-4832-9622-38520ef261dd,519a6310-c49e-4650-a246-6d665d042f11,242c4ca0-8bca-4c11-81de-bde798ddf6f2,subscription_cancelled,2025-07-21 12:35:49.997425,0.0,MXN
037a807e-5f8f-41dd-afbc-18d7098b1740,50795007-1086-478d-9a5d-8a60ddb3c819,bda35c2a-bc74-4d9d-b2b9-bcc0f7204d95,dc9e5d17-687e-47a0-b02e-f84cee401f28,subscription_created,2025-02-10 01:59:19.548768,557.98,GBP
9941e2f6-94e2-4a0b-9b34-c394a48d4f21,835cef05-1cfc-482a-b704-5551fd2dc79e,c708760f-9a82-43c4-8c43-e7eb1fb93880,a3fb9dc7-effe-4ae6-8f14-e4d2fa9aea69,subscription_created,2023-10-28 19:58:13.219173,708.4,USD
060a10d1-7fc4-4603-a235-8d131fff3668,835cef05-1cfc-482a-b704-5551fd2dc79e,c708760f-9a82-43c4-8c43-e7eb1fb93880,a3fb9dc7-effe-4ae6-8f14-e4d2fa9aea69,renewal_successful,2024-10-27 19:58:13.219173,708.4,USD
1ad2201d-bd35-4132-adab-93d1c360bfee,42800861-467c-4e38-9502-697477418b60,407d357a-2a55-4e77-8d4a-138ef21d3e06,fb08d9e8-16ab-4e50-b128-05d31a47dda3,subscription_created,2025-05-04 20:29:46.194470,26.48,USD
64222238-a1a6-4694-bd60-cc1391622cf1,42800861-467c-4e38-9502-697477418b60,407d357a-2a55-4e77-8d4a-138ef21d3e06,fb08d9e8-16ab-4e50-b128-05d31a47dda3,renewal_failed,2025-06-03 20:29:46.194470,0.0,USD
ebeb4089-5f30-4fdf-a172-a11458db2044,42800861-467c-4e38-9502-697477418b60,407d357a-2a55-4e77-8d4a-138ef21d3e06,fb08d9e8-16ab-4e50-b128-05d31a47dda3,subscription_cancelled,2025-06-10 20:29:46.194470,0.0,USD
ba96eff8-b945-403f-97c2-4ac433b3f95c,f5242972-728c-4e64-8731-b3267425443a,8ace7b42-b2a6-48a8-8863-ec3e7369d428,afed913f-8ef9-4561-a9bb-d0c1af842561,subscription_created,2024-04-17 09:29:11.603362,279.92,USD
571d3b68-9263-48bf-a01b-5b379ce8c451,f5242972-728c-4e64-8731-b3267425443a,8ace7b42-b2a6-48a8-8863-ec3e7369d428,afed913f-8ef9-4561-a9bb-d0c1af842561,renewal_successful,2025-04-17 09:29:11.603362,279.92,USD
37f44506-48dc-49ee-9735-382dd7639cb4,e47a36ee-26e1-4655-a060-6c6fae9e5a3e,d64210cf-69ba-43a8-915a-cc58ce1f2bfe,5f40be93-6c35-4973-b472-3c331f173030,subscription_created,2025-04-01 02:18:59.727852,35.71,EUR
223aa95d-0db2-4735-8a80-8fb9746721ad,e47a36ee-26e1-4655-a060-6c6fae9e5a3e,d64210cf-69ba-43a8-915a-cc58ce1f2bfe,5f40be93-6c35-4973-b472-3c331f173030,renewal_successful,2025-05-01 02:18:59.727852,35.71,EUR
ed196692-39fd-4ed5-b9c5-f01e64a0ff76,e47a36ee-26e1-4655-a060-6c6fae9e5a3e,d64210cf-69ba-43a8-915a-cc58ce1f2bfe,5f40be93-6c35-4973-b472-3c331f173030,renewal_successful,2025-05-31 02:18:59.727852,35.71,EUR
f2c0468a-ec07-4ac0-b9d4-cea2bc5e80bf,e47a36ee-26e1-4655-a060-6c6fae9e5a3e,d64210cf-69ba-43a8-915a-cc58ce1f2bfe,5f40be93-6c35-4973-b472-3c331f173030,renewal_successful,2025-06-30 02:18:59.727852,35.71,EUR
c504d52c-332e-4ac8-a2bd-248956726bd7,e47a36ee-26e1-4655-a060-6c6fae9e5a3e,d64210cf-69ba-43a8-915a-cc58ce1f2bfe,5f40be93-6c35-4973-b472-3c331f173030,renewal_successful,2025-07-30 02:18:59.727852,35.71,EUR
8022a473-185a-4832-b109-c646b4ca8c83,e47a36ee-26e1-4655-a060-6c6fae9e5a3e,d64210cf-69ba-43a8-915a-cc58ce1f2bfe,5f40be93-6c35-4973-b472-3c331f173030,renewal_successful,2025-08-29 02:18:59.727852,35.71,EUR
69b941ad-9bad-4702-88af-f9fcb870bbfe,e47a36ee-26e1-4655-a060-6c6fae9e5a3e,d64210cf-69ba-43a8-915a-cc58ce1f2bfe,5f40be93-6c35-4973-b472-3c331f173030,renewal_successful,2025-09-28 02:18:59.727852,35.71,EUR
8c10bcdd-f7fb-4d3b-91a7-7058f2c962a6,0edebf38-21bd-45ce-acaf-15a001e6e192,d64210cf-69ba-43a8-915a-cc58ce1f2bfe,e8d5f9cc-8179-4e7b-835f-60c0ed0afe5a,subscription_created,2025-07-08 23:42:14.089211,35.71,EUR
219b2663-8e54-4b6d-97e7-42a875ba6ec0,0edebf38-21bd-45ce-acaf-15a001e6e192,d64210cf-69ba-43a8-915a-cc58ce1f2bfe,e8d5f9cc-8179-4e7b-835f-60c0ed0afe5a,renewal_successful,2025-08-07 23:42:14.089211,35.71,EUR
6c946974-8d50-40a1-9768-f565300ffd59,0edebf38-21bd-45ce-acaf-15a001e6e192,d64210cf-69ba-43a8-915a-cc58ce1f2bfe,e8d5f9cc-8179-4e7b-835f-60c0ed0afe5a,renewal_successful,2025-09-06 23:42:14.089211,35.71,EUR
45f6f29a-f1b3-4595-bf6e-167f52da8d05,0edebf38-21bd-45ce-acaf-15a001e6e192,d64210cf-69ba-43a8-915a-cc58ce1f2bfe,e8d5f9cc-8179-4e7b-835f-60c0ed0afe5a,renewal_successful,2025-10-06 23:42:14.089211,35.71,EUR
103f19f5-0981-4dd1-87b9-c285562436b3,9f4f705a-318f-4a59-98c4-075286a5e08b,b3414704-34ec-4d45-84ab-838e9e0d38c2,fe1714a7-257b-4ee8-8da0-2b727e04a94a,subscription_created,2024-01-20 18:52:11.021946,294.44,SAR
9e0a58cc-e01d-469e-9356-145e0d632cd8,9f4f705a-318f-4a59-98c4-075286a5e08b,b3414704-34ec-4d45-84ab-838e9e0d38c2,fe1714a7-257b-4ee8-8da0-2b727e04a94a,renewal_successful,2025-01-19 18:52:11.021946,294.44,SAR
e72a33c0-5019-4dee-b8b5-79b1c8e90beb,c8d9c419-35d3-4b81-8fc6-ce26d15ad0fc,dab1f810-c35d-41fe-8ae5-16d5c3f122a3,a9638f42-b90d-4144-9e18-cf4127d1ef07,subscription_created,2024-09-26 20:42:35.040308,874.71,MXN
f071df36-7888-4f01-b6e3-f2a86a6c7a2e,c8d9c419-35d3-4b81-8fc6-ce26d15ad0fc,dab1f810-c35d-41fe-8ae5-16d5c3f122a3,a9638f42-b90d-4144-9e18-cf4127d1ef07,renewal_successful,2025-09-26 20:42:35.040308,874.71,MXN
